3.433764877359859469e-01,-1.327405488665064359e+00,-1.364643437295965267e+00,6.454025147425446196e-01
nan,nan,nan,nan
1.193549713631836262e-03,-1.461067159216744793e+00,-2.030145565961066545e+00,1.289154724388893225e+00
6.966785794193265380e-01,-1.590695882040600306e+00,-1.149232347562827883e+00,1.049916492442597438e+00
3.812857771660084216e-01,-7.168174767176836992e-01,-1.496180488112525575e+00,7.285780936706598432e-02
5.916573520681061016e-01,-1.840099814303788328e+00,-1.695920121718933249e+00,1.681413010100409444e+00
3.165156964486510738e-01,-1.088993369853251902e+00,-1.481355864723800764e+00,8.913025142313134586e-01
2.549610327406740540e-01,-1.273215847965782688e+00,-1.400640741349435281e+00,6.494390821546887071e-01
-2.152182495299577170e-01,-1.877822355190882142e+00,-2.412968491882184097e+00,1.459664674400561246e+00
2.514053979488931057e-01,-1.634481193697094659e+00,-1.562665214122763047e+00,1.711784916088660236e+00
-1.630077412770808420e-02,-1.864749731612040717e+00,-1.899197568933380431e+00,1.451287854824052648e+00
5.623448835904880649e-01,-1.791116254634943061e+00,-1.031185512809647875e+00,7.604656975333248248e-01
3.221415518126195532e-01,-1.299208505483962606e+00,-1.608080866045684232e+00,9.420157999788345560e-01
1.708282443030819664e-01,-2.089122424755861296e+00,-2.718514388101888724e+00,-2.391200973932061657e-02
1.005545302715624145e-01,-1.957446845476058739e+00,-1.683865012814759199e+00,1.442344567036357716e+00
3.516112478938238084e-03,-1.332370132787066730e+00,-1.685085285404748001e+00,1.166520969323938006e+00
8.374114985220226792e-01,-9.570705782592202615e-01,-1.103689909463904328e+00,5.052500519416249780e-01
7.318708122070171074e-01,-1.368693880716571165e+00,-1.359314238736755387e+00,4.744747068397207057e-01
8.825105230161245373e-02,-1.725583424109108366e+00,-2.116196678089329541e+00,1.188465906382315307e+00
-2.829412859846603956e-01,-2.232689918124830086e+00,-1.808632362974497809e+00,1.853576196154911093e+00
7.810761850026962660e-01,-1.827419100776357386e+00,-7.440995246948904907e-01,4.304153493169363132e-01
3.616621269170536834e-01,-1.081599844569988145e+00,-1.633091276564338612e+00,6.647095698055505153e-01
3.145289576066712112e-01,-1.443638851527598854e+00,-1.495619263439314617e+00,1.294837943586032436e+00
3.111404000142078408e-01,-7.299367165676061697e-01,-1.590488794156980523e+00,7.390616161726132338e-01
4.897454971268511703e-01,-1.738670581112545355e+00,-1.963212711933991050e+00,1.300319184184206778e+00
5.488765124984862354e-02,-1.941945613932657411e+00,-2.259947520634997709e+00,1.238590939672310931e+00
4.227575529290090728e-01,-1.358348108748699712e+00,-1.447133511638217351e+00,7.272946365911343580e-01
9.417004531822831259e-02,-4.069409565634241055e-01,-2.540317892558596302e+00,5.650818374614157147e-01
1.232583086715489384e-01,-1.775347966616925177e+00,-1.891083462961649087e+00,1.413329335408991971e+00
2.222311033514815515e-01,-1.530263958553419901e+00,-1.863830548405309262e+00,1.321831265355649876e+00
6.672340089660149243e-01,-9.071274627134072732e-01,-1.246849410899314892e+00,8.897505908509872885e-01
1.821175953278611759e-01,-1.467221519888409986e+00,-1.411055177222332091e+00,8.338468349906036359e-01
1.106414618478265832e-01,-1.181044251645009036e+00,-1.970260258132308095e+00,1.380415895057396813e+00
1.338466031560603398e-01,-1.628530998130635510e+00,-1.800086150913988270e+00,1.014736208912604409e+00
4.215622531962091024e-01,-1.203853339238595277e+00,-1.384610594627918800e+00,9.277443441141284275e-01
5.008910572993118260e-01,-1.404681861874173654e+00,-1.308190803098895127e+00,7.671295539166970157e-01
1.710994211718907532e-01,-1.489490989337209248e+00,-1.875870896205602767e+00,9.970574167904331375e-01
1.125198118833286021e-01,-1.618466652144375129e+00,-1.997810873354438632e+00,9.837018044630021496e-01
-2.219957593500604398e-01,-1.364203450888662683e+00,-1.884499733807063482e+00,1.283877329594103944e+00
-2.461959280335726530e-01,-2.055530537874014296e+00,-1.842849597096754000e+00,1.437015718002423004e+00
2.609095838900484798e-01,-1.322209965831435685e+00,-1.690657296871480586e+00,1.191692234734616163e+00
7.248028541904649735e-02,-1.163825875201421667e+00,-1.717826433596393310e+00,1.415407150817366233e+00
6.753539388404710131e-01,-9.784565500293633811e-01,-7.705010262857117098e-01,6.262354938811525162e-01
3.261200599732147487e-02,-1.664493179107070508e+00,-1.941798072520594998e+00,1.352517827176522136e+00
8.381836013293096910e-01,-1.604116473368104590e+00,-1.627902330186803415e+00,9.834843356941642689e-01
9.492963904462070612e-02,-1.371044512137960636e+00,-1.754206118727272168e+00,1.073241486204065565e+00
1.508686168231723745e-01,-2.008867215405301110e+00,-2.062214841681798916e+00,1.069098633009355925e+00
2.900362425956817258e-01,-1.574231568962602745e+00,-1.386729072648080319e+00,1.370693537193299338e+00
8.062656045840206342e-01,-1.313284358084050085e+00,-1.044019059824354168e+00,8.190278286688160714e-01
5.074013133005768061e-01,-1.296167585408495970e+00,-1.581185873109679507e+00,1.131032698924724578e+00
3.892534984419487865e-01,-1.499358750426983189e+00,-1.027496711917832872e+00,1.453336994653516401e+00
-1.109004309917527298e-02,-1.359581358333703971e+00,-1.840828980608593568e+00,1.041946045663172171e+00
1.819531864933907062e-01,-1.726985335252219755e+00,-2.039643443578921023e+00,1.433661338087286463e+00
1.101431597680055385e-01,-1.914235898401406955e+00,-1.714119787886750235e+00,1.180776573321935530e+00
3.310297528066972195e-01,-1.392716472346804846e+00,-1.530789965742707759e+00,1.084340540367005223e+00
7.229994479071188973e-01,-1.127804692333094660e+00,-1.264269232005412746e+00,6.177916226868040983e-01
4.327415899459333692e-01,-1.033340752814851049e+00,-7.300117191368180602e-01,7.150030820955191047e-01
2.658469413873330578e-01,-1.394341747942019261e+00,-1.632239489153380019e+00,9.145192709928513519e-01
3.068306570609078410e-01,-9.927003748523950399e-01,-1.540782269890941913e+00,3.726957618099718816e-01
3.414791758245149800e-01,-1.234371996263606608e+00,-1.707699535287503734e+00,1.249553405415146257e+00
3.718118744143683596e-02,-7.941077284978725892e-01,-1.832224185587961518e+00,5.505810947127346422e-01
1.138111444274102491e-01,-1.322362861707411685e+00,-1.676955218636370315e+00,1.507051029901995465e+00
3.039232295656076888e-01,-1.691262466224604077e+00,-1.623517660309537591e+00,5.046809704728199009e-01
1.489535305721542691e-01,-1.363233644763040875e+00,-1.921796540437732848e+00,1.089151493594314069e+00
4.751649582139106376e-01,-1.312020555042707537e+00,-1.560683053197469805e+00,8.191721062354601068e-01
2.965724976742454277e-01,-6.867140299876653975e-01,-2.268882771813290233e+00,6.974753474083033034e-01
1.085657166407779650e-01,-1.438359142734580765e+00,-1.968225743133971140e+00,1.121652342799896340e+00
1.325814201844274232e-01,-1.122259826793477577e+00,-1.444523401060394896e+00,8.604456313791258859e-01
9.426409042151168149e-01,-8.047265988007544779e-01,-1.209108502679835162e+00,4.311202996537447096e-01
2.112542203415623820e-01,-1.364229520874053359e+00,-1.856595801361937470e+00,1.254837328396869900e+00
5.897822542850479355e-01,-8.247190322894438763e-01,-1.195466318335052014e+00,3.164188218651123874e-01
8.540082322928592706e-01,-1.166959581330603291e+00,-1.723663669621904981e+00,9.197569309687241290e-01
1.231010568240448882e-01,-1.665937542074123812e+00,-1.803862905146336626e+00,1.497474434921024056e+00
4.246162707362998168e-01,-8.333240728628144023e-01,-1.635409893140674420e+00,6.498219115145489333e-01
nan,nan,nan,nan
2.086626973220444548e-01,-1.504469508792918520e+00,-1.501033368079731423e+00,1.268130667371067055e+00
2.156511434565738516e-01,-1.402501034525330592e+00,-1.788529626674284057e+00,1.367006343158821746e+00
4.114690314666117343e-01,-8.856040431911488264e-01,-1.655946328916271026e+00,1.074929598015534227e+00
nan,nan,nan,nan
nan,nan,nan,nan
2.421769272422168995e-01,-1.362541905805271014e+00,-1.274403393513879212e+00,9.982936249637506254e-01
2.686610613469365139e-01,-1.699496477154005980e+00,-1.601833020091235849e+00,4.569934068186176090e-01
-4.359437348834904746e-02,-9.137353228945083172e-01,-1.858207608194914151e+00,1.391021732175575121e+00
3.582401018112795765e-01,-1.274492910819718716e+00,-1.306991858218337077e+00,8.778530525152006270e-01
5.894717410192462648e-01,-9.025553523593639049e-01,-1.158060208184993556e+00,1.531918552424023083e-01
2.773717173853972318e-01,-9.121432200326970996e-01,-2.610609838546651851e+00,8.979233148879910420e-01
4.788169410863470365e-01,-1.132179647881553120e+00,-1.574501992636347936e+00,1.060482258342549056e+00
5.127267084412783227e-01,-1.281866505064790385e+00,-1.710846738032924419e+00,1.045931903778476890e+00
2.413372633333310535e-01,-1.186561909209140397e+00,-1.723686974856012188e+00,6.734847112616360043e-01
1.775780264676201092e-01,-1.383323854188329260e+00,-1.647329851725226835e+00,1.285926075100835231e+00
2.990818692292308012e-01,-1.664114084511266523e+00,-2.001856298139259582e+00,1.222032325317902179e+00
7.680907591567376347e-01,-1.338497986161392816e+00,-1.225362266525151345e+00,5.058476360579803321e-01
3.673716168799238124e-01,-1.610402248987662155e+00,-9.931064084478591347e-01,3.524434539524385901e-01
7.224643786775547527e-02,-1.625993045012624982e+00,-1.306379797440814228e+00,7.498186632407458641e-01
3.938259736035368275e-01,-1.287430819854000985e+00,-1.348668937976490012e+00,1.117674634055560334e+00
5.792544210848421526e-01,-1.725619993557869547e+00,-7.378721458940296074e-01,9.027592806217714649e-01
-3.288827484952888680e-02,-1.255558583810568951e+00,-1.719298594316113649e+00,8.951526782524512615e-01
4.180105222411383825e-01,-9.209060764031029578e-01,-1.660023015679797265e+00,1.114216230292357723e+00
2.812914445796710905e-01,-1.584204453639614929e+00,-1.692513656532089739e+00,7.115406024666273144e-01
4.256512981244946481e-01,-1.045991628648934357e+00,-1.471486630633767945e+00,9.302827704089207117e-01
7.672689489688777620e-01,-1.120052123063529415e+00,-1.114669923219017589e+00,1.075961416613875121e+00
nan,nan,nan,nan
7.042517747653731508e-02,-1.253397684066809736e+00,-2.825553314066913124e+00,1.394478196858343066e+00
nan,nan,nan,nan
4.384233820335426968e-01,-1.266042476369226844e+00,-1.547673951959119387e+00,9.672712785459592899e-01
3.880591775134553112e-01,-1.865891122518025691e+00,-1.851959876068719701e+00,1.298538928821363569e+00
2.571125768243093246e-02,-1.554645804689975597e+00,-1.912495729592494476e+00,9.252893826252897025e-01
2.940914331538487803e-01,-2.063627915266820878e+00,-2.521502833001456612e+00,1.754423249423300524e+00
1.331439787241096573e-01,-1.563637573171769102e+00,-1.837199932725193108e+00,1.344800149680053236e+00
-7.825939961810934875e-02,-1.674144679508663192e+00,-1.997053106838274417e+00,1.252231153780645645e+00
1.898116576130475242e-01,-1.830748659461714167e+00,-1.807519780279946087e+00,1.821342879216395261e+00
1.362553918289322596e-01,-1.559974506280918272e+00,-1.686591822342495162e+00,9.843116498061679209e-01
3.584887861703635048e-01,-9.864613235021436610e-01,-1.425887802557715744e+00,1.156757568672907022e+00
1.939913050063113431e-01,-2.213350446572941443e+00,-1.602238312057384428e+00,1.051898116886751389e+00
4.347141727152996626e-01,-1.204631758626298454e+00,-1.692237630830506490e+00,8.758357762466455476e-01
nan,nan,nan,nan
-4.000835729997403445e-01,-1.662718822953719977e+00,-1.913331242234734386e+00,1.136527956454701949e+00
3.202839350489845582e-01,-1.238675711310124328e+00,-1.483148905974678522e+00,6.969318961673273138e-01
nan,nan,nan,nan
1.112754973296763428e-01,-2.017621948096627982e+00,-2.712272571297548396e+00,2.582085011687459186e+00
2.921235344405281609e+01,-9.092532284003176812e+01,5.365394332753311346e+01,2.890584028442976816e+01
1.577609773575819330e-01,-1.396476436084899797e+00,-1.603954885675390685e+00,1.161797439894804329e+00
7.937292460201363919e-01,2.161455464647401570e+00,-2.989320451868722195e+00,-9.389307859532349809e-01
4.960152346786911859e-01,-9.475737466982648849e-01,-1.819744339611638839e+00,6.564728519339867452e-01
2.911321540578311051e-01,-9.130301569196379585e-01,-1.390573877137867287e+00,5.560498274651194395e-01
1.863212268771602953e-01,-1.747337302475100884e+00,-1.646498924613163828e+00,1.352893248604992493e+00
-3.072201884292946605e-02,-1.203900388713742498e+00,-2.187782391418155115e+00,1.221408921419765203e+00
5.710732212911628913e-03,-1.411078793501617135e+00,-1.809050389636276623e+00,1.265778052288071720e+00
3.710682477279025893e-01,-1.101851469804306483e+00,-2.796392967829886445e+00,1.471395471454390425e+00
1.508358204997041208e-01,-1.425112599152527970e+00,-1.884022770856418116e+00,1.382625050205533501e+00
5.270171463966442094e-01,-1.711303511948280009e+00,-1.433456398245319008e+00,7.032927377050257611e-01
2.525037554891649827e-01,-1.455028526770494768e+00,-1.729117715881093087e+00,9.950104151512180195e-01
1.358251702191063393e-01,-1.998265811464851049e+00,-1.820259140256986319e+00,1.456477948622532104e+00
3.593769943456524008e-01,-1.343292581845835443e+00,-1.571467149949595576e+00,8.569639744585803021e-01
3.608343379187617384e-02,-8.582384381564516218e-01,-1.916865008088973310e+00,1.190866172744428964e+00
8.696865887003993878e-01,-1.240547569985086085e+00,-1.535699875027677574e+00,6.580710909280582666e-01
-3.292536886118504480e-01,-1.622159307060953681e+00,-1.893486554996790083e+00,1.171719414453050501e+00
1.389993004001083832e-01,-1.652539458875568634e+00,-1.764823111956187685e+00,1.117890754084890581e+00
5.314543050758239184e-01,-1.692086156371927830e+00,-1.198246591909468695e+00,6.451944840454493235e-01
7.108904833231632914e-02,-1.046884822866985365e+00,-1.975233021228640862e+00,8.746904257340650801e-01
-7.028493824082826524e-02,-1.844002896595630325e+00,-1.958614163162763377e+00,8.181356768314979044e-01
6.375398184847194116e-01,-1.013921224016801403e+00,-1.212475823906240979e+00,7.693226557816630340e-01
1.749749144165113068e-01,-1.649873286559558228e+00,-1.867584887250887338e+00,1.376643386954414794e+00
-1.093076250098063973e-01,-7.411989058995824831e-01,-1.319695591301985438e+00,8.586150337844508096e-01
3.703303759371150417e-01,-1.151125698566512368e+00,-1.452837949859318467e+00,9.757727810996794648e-01
4.914193743366906952e-02,-1.596484088062596562e+00,-1.781262302721310142e+00,1.199184759574720927e+00
3.823915902329652616e-02,-1.132250698627454089e+00,-2.200585740294494830e+00,1.110022816147432589e+00
8.263558654051282870e-01,-1.127165456471701521e+00,-1.004251509445361901e+00,7.105482180647001433e-01
1.594000248196310032e-01,-1.295978177276449150e+00,-1.600599259157392318e+00,1.254477777697777352e+00
5.975992974882060604e-01,-1.543833682959310227e+00,-5.816129908684271044e-01,5.820846126748457916e-01
8.264791268292304149e-02,-1.889307232181483664e+00,-1.851032757805084916e+00,1.207216912678940712e+00
2.051017529552726926e-01,-6.586783824022275358e-01,-1.608007763648558130e+00,1.062714507228795346e+00
6.101445699683863966e-01,-3.885429175959960180e-01,-1.268571824071392573e+00,7.416683502160505981e-01
6.207919683486695650e-01,-1.566437733390225517e+00,-1.894829280691155748e+00,8.050551202390586747e-01
5.031186068406181544e-01,-1.403253565913216150e+00,-1.415403180840024033e+00,4.730211740471720328e-01
4.443547461339089621e-01,-1.284566007154331446e+00,-1.667861385940994978e+00,1.028147959802856448e+00
1.825220269613250235e-01,-1.353720334387075619e+00,-1.607200203625872348e+00,1.055833461940189011e+00
3.339901472496769941e+01,-3.841941605718777453e+01,1.534466964635041819e+01,8.816932135227940392e+00
3.379573976236323607e-01,-1.580788869474216041e+00,-1.398381548113917239e+00,7.608156903098923785e-01
2.547992270612550736e-01,-1.445470989804997330e+00,-1.892371453219959143e+00,1.182746828713510556e+00
5.290710755868323067e-01,-1.489200472122654162e+00,-1.465862645224085714e+00,8.371436024946399268e-01
1.377642213516261371e-01,-1.772836000937136447e+00,-1.835531893395117686e+00,1.213345128839653508e+00
7.244736694465958582e-02,-1.598739619254138766e+00,-1.983384445769633686e+00,1.186087295367211691e+00
3.621690158231952172e-02,-1.434921947049796476e+00,-1.762606147511823318e+00,9.757183500929916820e-01
2.076463905422522849e-01,-1.453162951339034503e+00,-1.584883708852341089e+00,1.068264098307304399e+00
3.708222943256981319e-01,-1.346864778207043090e+00,-1.491333756524227505e+00,9.426878142780205083e-01
-1.925857763314149651e-01,-1.089818356344040229e+00,-2.113867939372842564e+00,1.393269179098796551e+00
5.044844604899711982e-01,-1.519514021397598613e+00,-1.282145068631173723e+00,9.451947600886911882e-01
-5.113611568139122543e-01,-9.222986411310934995e-01,-1.605784025224402001e+00,1.328897420561949261e+00
5.314247806947418606e-01,-1.727361155804346904e+00,-1.460601716238626446e+00,9.331812718854399780e-01
4.029568760603440269e-01,-1.775030889133854872e+00,-1.623277445699298438e+00,9.875563364476264150e-01
1.095793580045084092e-01,-1.919221966739314666e+00,-1.263912817729283100e+00,1.153874193793855696e+00
2.848872407584929212e-01,-1.378274789417356372e+00,-1.573525868456077781e+00,1.132587234052942371e+00
1.526497753049972927e-01,-1.705192010992805152e+00,-1.753862025656659718e+00,1.138894931205993277e+00
-8.026627293136423535e-02,-1.627735936077122192e+00,-2.278541900827629529e+00,1.420547395127644830e+00
-3.332407853636654149e-02,-1.520841493152128798e+00,-1.807972531851770093e+00,1.028879399853912524e+00
1.006102058542461819e+00,1.823067649163817805e+00,-2.017717887090803686e+00,-9.236494482180312993e-01
3.578262735494577296e-01,-9.991617740935953007e-01,-1.637853891237703863e+00,8.509752305323311505e-01
3.068414760283253440e-01,-1.359111761166103438e+00,-1.683284001913973871e+00,7.298802139874258632e-01
nan,nan,nan,nan
4.570740787154984330e-01,-1.578866558183917412e+00,-1.620067887643354299e+00,1.308709734751441367e+00
5.008135725157855100e-01,-1.495670340174868107e+00,-1.192320460992551956e+00,8.645277291064492609e-01
2.989078559217416275e-01,-1.132272298061491878e+00,-1.971653920117298675e+00,1.219992040480496920e+00
1.168370942059757389e-01,-1.182185897670587682e+00,-1.344987858469123942e+00,3.112148016595847055e-01
5.249161161702396994e-01,-1.610973975481170717e+00,-1.422339764461480360e+00,7.356103889943521601e-01
4.844209860545670709e-01,-1.440795205654435085e+00,-1.535602318342985662e+00,7.455171594729180784e-01
4.391568480577531242e-01,-1.348675204706752062e+00,-1.583884656196438367e+00,9.210281542954171785e-01
1.590840944514662070e-01,-1.166027998630421392e+00,-2.001082662749594121e+00,1.056057622377559291e+00
2.030203668840863118e-02,-1.754319552344214328e+00,-1.898764025282675627e+00,1.480002627904825063e+00
8.690106254712509637e-01,-1.204814452661043145e+00,-1.887009430138323562e+00,5.518832827787986117e-01
3.104304346876249898e-01,-1.437831049742996914e+00,-2.381804707184295378e+00,8.691652212448206516e-01
4.174817694319061800e-01,-7.932222056748032823e-01,-1.787664890205117763e+00,7.649936456143979768e-01
3.524614034005751906e-01,-1.395209110440830402e+00,-1.808440001505624561e+00,5.855944827179924150e-01
3.049380554619071093e-01,-1.333580438239891919e+00,-1.369724235022903081e+00,8.765051437944058055e-01
4.549109239606972110e-01,-1.280638136479518963e+00,-1.423839669239319594e+00,1.216294240111971181e+00
1.214960429119175123e-01,-1.661082121511137766e+00,-1.715996458589141849e+00,1.387829638105187335e+00
4.281452788884546612e-01,-1.408818821462092474e+00,-1.499360059117410993e+00,6.185393418369472540e-01
6.049761503829457210e-01,-5.090000747016074634e-01,-1.256711240689864173e+00,3.210788204065053719e-01
-4.477169289809546093e-01,-2.149514120969067132e+00,-4.081403019663314424e-01,3.160394844957992166e+00
6.548517780826264012e-01,-1.265639632162319561e+00,-1.187735557859274760e+00,8.603164951594373111e-01
9.276287498949415955e-01,-1.092569110421699685e+00,-1.461795584829636008e+00,3.138111181876643840e-01
4.880618906666439050e-01,-1.548795353176374068e+00,-1.445186641192633292e+00,7.045966580828728620e-01
-5.220918593109887818e-01,-2.159870058330516152e+00,-1.993262804254382736e+00,1.869310683928479655e+00
-4.347172493167917873e-01,-6.987464481524394699e-01,-2.056884645613465512e+00,6.573955630074770351e-01
2.908611207737459292e-01,-1.718143389756962680e+00,-1.316191136180880905e+00,8.416951246436639167e-01
2.101038398233885385e-01,-1.597873220878109457e+00,-1.904779928442299264e+00,1.175407139644770282e+00
2.750261747493074616e-01,-1.478773606740853452e+00,-1.498726461479975791e+00,9.159161862018589950e-01
2.635378853989138181e-01,-1.283937729603145561e+00,-1.922949320061978273e+00,1.014744201312568483e+00
1.508491536619506190e-01,-7.153683692340704336e-01,-1.948132625701644471e+00,7.907680289853175060e-01
3.450202068936725208e-02,-1.701449305565208237e+00,-1.480103566095068102e+00,1.671324304605338318e+00
3.417147951096022873e-01,-1.515244417219509199e+00,-1.524013796389564801e+00,1.055264734052618003e+00
5.322831584509961633e-01,-1.599577235302203082e+00,-1.159747000150838536e+00,8.741079070920240168e-01
-3.269650784058710236e-01,-1.237630411878962278e+00,-2.147905892529212046e+00,1.542991633729563050e+00
2.111328578069713302e-01,-1.490355440333431147e+00,-1.254309552698863017e+00,9.491364053222117736e-01
1.586167879401789715e-01,-1.652417033432656890e+00,-1.588260455960927908e+00,9.828170028174210149e-01
-3.370179327090654375e-01,-1.609977919144279346e+00,-1.435998346823698313e+00,1.286032119277461083e+00
1.470085261814800814e-01,-1.573775384717914783e+00,-1.784165809587964668e+00,1.112019678618225038e+00
6.223143211359277727e-01,-1.075025807035000280e+00,-1.227408695053861409e+00,7.016121658951703921e-01
1.049703308377510691e+00,-1.373518157740306833e+00,-1.047925710189161919e+00,2.256129831377543526e-01
1.223590793442961844e-01,-1.726697964339891644e+00,-1.713723625170623377e+00,1.010674592898929580e+00
-4.879263435488837564e-01,-1.614263767058401466e+00,-2.389788002561301639e+00,1.465057320731747659e+00
-2.415960540223832664e-01,-1.318670440734015292e+00,-2.043226972534541552e+00,1.804264803374543202e+00
6.366757948413306889e-02,-1.648813249971350148e+00,-1.697180169607137801e+00,1.087857527645731626e+00
nan,nan,nan,nan
2.254651030164870340e-01,-1.743989548197013129e+00,-1.869586619764772806e+00,8.805467930377391950e-01
4.931442910145324987e-01,-1.712458062364253797e+00,-1.367925466029650039e+00,8.166546769619271728e-01
6.065615370248566007e-01,-1.228961581612967535e+00,-1.133466332910614938e+00,4.296229735286780094e-01
4.546438025168193509e-01,-1.652054182101025948e+00,-1.709638652533228109e+00,9.114995925081630368e-01
4.198468576035292998e-01,-9.873418252061472167e-01,-1.476955711036936680e+00,4.430130695168529309e-01
-1.787499735039979609e-01,-1.037773210245351185e+00,-1.557745307576911653e+00,1.146400340318435296e+00
-4.804238067532529133e-02,-1.565617459641777121e+00,-2.216271659008544948e+00,1.590377773850859766e+00
1.045388632903655024e+00,-1.433409235424152772e+00,-9.966721351487785041e-01,6.343777577608562535e-01
5.222301789609803402e-01,-1.450990999560529904e+00,-1.198383736211811046e+00,6.877805793130009615e-01
2.236037504111028085e-01,-1.298284952217620969e+00,-1.663319684734919646e+00,1.181800922766129913e+00
nan,nan,nan,nan
6.519009270786515486e-01,-1.408489035275991341e+00,-1.635914672623915989e+00,1.282928352001124539e+00
1.940163176691067082e-01,-1.817423313975119248e+00,-1.890886271898226667e+00,1.550204371953098903e+00
1.208503486685180262e+00,-1.366088096408485164e+00,-1.346739446649425354e+00,1.863357650583983283e-01
1.518929992495542391e-01,-8.985072743455123634e-01,-1.788210663747018092e+00,6.223260966717575338e-01
7.769829239324598236e-01,-1.329693091179834363e+00,-1.024490346365649174e+00,3.989709286377879360e-01
1.744669361550883202e-01,-1.466488704756950812e+00,-1.670708964364790328e+00,8.387328925766446286e-01
3.935903890608466460e-01,-1.348887158815507803e+00,-1.539323251532148218e+00,1.008581554760161092e+00
5.156909565366057935e-01,-1.216110288305137122e+00,-1.612213019491315791e+00,9.416875349628800462e-01
5.096499000352443520e-01,-1.382265302293899989e+00,-1.330970574432743359e+00,9.073779298249461389e-01
6.782104031602558258e-01,-8.801712574656954668e-01,-1.194741207266170058e+00,8.016992634519577443e-01
1.190340061058256099e-01,-1.549684324824750714e+00,-1.742756828195777485e+00,9.267086556709351886e-01
2.952469773596001490e-01,-1.440366688989775268e+00,-1.443003207650080277e+00,1.002668239852514187e+00
5.170862910189117922e-01,-7.417029812703853642e-01,-1.464758627808200320e+00,4.636030738840649645e-01
-7.819720164095222970e-02,-7.113484382076427082e-01,-1.679772919130641862e+00,7.252592263511188353e-01
3.058895108513928762e-01,-1.718738362280745724e+00,-1.529197263614464175e+00,1.230323293398890350e+00
-1.976082455771489554e-01,-3.140357420108248476e-01,-1.085622205093635717e+00,-2.994146148561429577e-01
6.541420051781743350e-01,-1.207524661801071986e+00,-1.362070590425103367e+00,5.651656568564675798e-01
1.130479705194405327e+00,-1.293105188819503093e+00,-8.086836125113445739e-01,3.377973722714131544e-01
6.826428188442684730e-02,-1.056861393736528987e+00,-1.307341385247859034e+00,2.445566772812546308e-01
-1.170002678227254900e-01,-1.074633447712636025e+00,-1.949630059687913253e+00,1.222888237925383370e+00
-7.762539084331621098e-02,-1.729666576923257537e+00,-2.082271950686146678e+00,1.465278762096619447e+00
4.719093451043628873e-01,-1.496923990953822781e+00,-1.510318360093679146e+00,9.873041927691900144e-01
2.568373966827934840e-01,-1.408641266914530510e+00,-1.271508125452705418e+00,1.342881201643155720e+00
1.119806402083389774e-02,-1.862271771696800471e+00,-2.160568140944193249e+00,1.767013314859615658e+00
6.146404984132126659e-01,-1.049344669516209416e+00,-1.213096186104366092e+00,9.265155478864610661e-01
3.161828757772367493e-01,-1.420300241981326206e+00,-1.449891229888457422e+00,1.076567730651290189e+00
1.686266700792419027e+00,7.855128399445341358e-01,-5.617106530793467556e-01,2.902904028956550420e+00
nan,nan,nan,nan
8.398287392364731652e-01,-8.124049375892643532e-01,-1.313722627251438624e+00,9.960271092509903612e-01
2.324531290070248613e-01,-2.122749411430640443e+00,-1.762018760411436125e+00,1.172699865177265988e+00
9.077172819292745487e+01,-7.500253987908944708e-02,-4.532310341301712242e+02,5.455088723030708309e+01
3.129837925719561875e-01,-1.449656117535625288e+00,-1.600046635990096444e+00,9.887141124955782789e-01
-1.238542060771523623e-01,-1.311155542418746878e+00,-2.149383654005875055e+00,1.476697067869477964e+00
-2.179814050636075251e-02,-1.787359038070605477e+00,-1.759288998187668485e+00,1.212907575681815731e+00
2.099450067093404648e-01,-1.318178820253813388e+00,-1.072092464873302120e+00,5.157307764398377792e-01
4.552780414077385873e-01,-1.017299159560659305e+00,-1.488670582726286495e+00,7.848105683731695370e-01
8.380781295094343886e-01,-1.865039493704890416e+00,-1.416349834976959210e+00,9.007452110550526747e-01
5.782347042720724639e-01,-8.897149873196394942e-01,-8.662852582769402510e-01,3.532587846343617777e-01
1.388228083830159720e-01,-1.784048806272597876e+00,-1.547997471659629198e+00,1.042100504113568693e+00
4.115898003422401308e-01,-1.712663712310502184e+00,-2.035993710865299899e+00,1.495280343210337870e+00
1.217122384622625786e+00,-1.466486768507744509e+00,-9.401322098427588037e-01,4.423474347524007921e-01
3.676566925415868936e-01,-1.324809377058341342e+00,-1.500539815974754498e+00,1.135639281910877374e+00
2.452160855228976422e-01,-1.124818767865776392e+00,-1.546568751562944932e+00,9.584318096754838034e-01
-8.098436695202038127e-01,-7.720107829031296554e+00,-1.059314328868126598e+00,4.734767720339414510e+00
6.155497332067693117e-01,-1.409750467611698532e+00,-1.402807337952117095e+00,8.883897389544372913e-01
3.118536089970695424e-01,-1.336310260587579180e+00,-1.548159110073000999e+00,8.084969798050547496e-01
2.580057197944122249e-01,-1.212425686176627604e+00,-1.497367053642211454e+00,9.620312919265991969e-01
5.774270014106083204e-01,-1.653333493435203527e+00,-1.285983167852759124e+00,8.131163718158043174e-01
4.146224346882232958e-01,-1.382186319482555437e+00,-1.665274649632307868e+00,5.117262337962520391e-01
4.659097029998152673e-01,-8.794366701226810079e-01,-1.496127178590023643e+00,5.111995534622884030e-01
2.153684630591665428e-01,-1.664132778427337866e+00,-1.470245287554869495e+00,1.178343890697046481e+00
1.872502992620420081e-01,-1.414491227328809941e+00,-1.751862327511792827e+00,1.454770149102607046e+00
1.267849405941917640e-01,-1.332574647465760265e+00,-1.589682211516722177e+00,1.236487496617484361e+00
-4.896039598157712058e-01,-1.560405958440110874e+00,-2.067471110013647362e+00,1.249934980773656834e+00
4.935762410931787691e-01,-1.167875049720374925e+00,-1.197374292146712316e+00,7.860381263058091594e-01
3.599575113635880008e-01,-1.282116930024321144e+00,-1.560525748586423456e+00,1.025849801754928459e+00
5.096134832091148148e-01,-1.143258497187494616e+00,-1.483670522832486238e+00,3.907710226727205693e-01
4.715395514322786030e-01,-1.883673078548965041e+00,-1.401032727815744838e+00,9.825475741460281132e-01
7.141875064269282980e-01,-1.076347794867556162e+00,-1.119803248394440676e+00,5.909126283742296426e-01
4.123411879575310524e-01,-1.387279828336064336e+00,-1.524626681889699187e+00,1.159030699383102991e+00
-6.384224799120880034e-02,-1.406367777207375269e+00,-1.885044922253009902e+00,1.345770280301796351e+00
-1.419043403795191338e+00,-3.006954487359417172e+00,-6.128364939809985756e+00,-6.848348093225578026e-01
1.531112245249530712e-01,-1.964324914284178103e+00,-1.442971311148236069e+00,1.334730519611349697e+00
1.171524529764973455e-01,-1.461996932852495323e+00,-1.740633388630363987e+00,1.394520617768673532e+00
5.410797805144589301e-01,-1.075485835723510197e+00,-1.388013220083256893e+00,9.889340889435684900e-01
3.097852861062365681e-01,-1.415480861976048388e+00,-1.819139469818361166e+00,1.028785081988961903e+00
-3.128562285080724314e-03,-1.406798897994218311e+00,-1.588124410748957827e+00,8.818349236737190733e-01
9.255274140529976545e-01,-8.406353842288338818e-01,-9.799172466880883281e-01,3.240344136816779019e-01
4.018925804769277743e-01,-1.349470990815652360e+00,-1.452932036051632236e+00,9.875861030097182747e-01
6.624389845770700669e-01,-1.300016708422061518e+00,-1.364190807996359833e+00,8.703884245719828439e-01
7.652849020723366813e-01,-1.226417676767559861e+00,-2.123276527469446506e+00,1.432558653100048929e+00
-1.261888011654449526e-01,-1.403432312119156311e+00,-1.820259842357251578e+00,1.007265360632093598e+00
2.845564290430716570e-01,-1.389762818764223695e+00,-1.584271772157076708e+00,9.702185228398416683e-01
nan,nan,nan,nan
5.592850703816507063e-02,-1.510801022906927082e+00,-1.824169599289644950e+00,1.496859678467979737e+00
3.200310572685917121e-01,-1.270497383946954217e+00,-1.618926192965962185e+00,1.167783311624632336e+00
1.469135994532964617e-01,-1.317201210391994559e+00,-1.766184542655603540e+00,1.106406896817304863e+00
4.590240337445614660e-01,-1.321101683735420140e+00,-1.327401934762278080e+00,1.051049758335448558e+00
2.707967299252507787e-01,-1.533190879999617895e+00,-1.629376319688689012e+00,9.824332418537309319e-01
-6.136041641209677877e+00,5.414396615372396582e-02,-5.314852943121737283e+00,6.963166347690677327e+00
-8.905747524016661698e-01,-1.955961346021786618e+00,-2.878518719919248792e+00,1.639271523212541437e+00
1.618249268691179243e-01,-1.349627960391118542e+00,-1.819177424960291889e+00,1.303997557327368328e+00
nan,nan,nan,nan
2.196205965186415199e-02,-1.901320783661468727e+00,-1.391722783870858127e+00,9.526193780251874799e-01
6.159823369510274427e-01,-1.306913853457496444e+00,-1.112175703552229944e+00,8.663252859556247465e-01
1.389500361890427804e-02,-5.045474035423467285e+00,-1.857740340340797713e+00,3.197985055328216752e+00
9.888721068640007883e-02,-1.521709282267945440e+00,-1.390595033930745350e+00,7.697458361289204465e-01
2.086576666861181539e-01,-1.267505605213110176e+00,-1.675588447132475789e+00,1.170850416286034257e+00
2.278053361542057509e+00,9.328534767791012428e-01,-4.777703873476067287e+00,1.598019305718080485e+00
1.322218865087479711e-01,-1.641917079687767123e+00,-1.639345372998744388e+00,8.920454042583972898e-01
2.531148575448360361e-01,-1.239603040274460444e+00,-1.916642574668921295e+00,5.079943392671086855e-01
4.018063347782829808e-02,-1.183026722748262038e+00,-1.964569279977463889e+00,6.068454696415360727e-01
5.001858814921954499e-01,-1.484910309650245841e+00,-1.047664697975881909e+00,9.523879188713912924e-01
2.047183559956676779e-01,-1.771726676049716787e+00,-1.530440553589364150e+00,9.996945244086670179e-01
2.769799932841082724e-01,-1.444299656954719957e+00,-1.681871847750832316e+00,9.174312963881250393e-01
1.087914588447302933e-02,-1.915877151465686712e+00,-1.773843987516861453e+00,1.419257080410358363e+00
2.158149261229619087e-01,-1.724184390886007723e+00,-1.893643129482170506e+00,1.365573774655097994e+00
3.322747961199937761e-01,-1.351336557079695577e+00,-1.556616636146006094e+00,9.420890703560977908e-01
6.898623523945875968e-01,-8.458584474331253267e-01,-1.133964581938474270e+00,1.945586041090374696e-01
1.601861769790393630e-01,-1.505816471866449957e+00,-1.685245237858643552e+00,1.326433012238474207e+00
-9.262725417040512665e-02,-1.642289965779701877e+00,-2.092788291506212150e+00,1.182860411746320395e+00
3.341354070500868190e-02,-7.356673075473935119e-01,-1.794551785227114671e+00,7.031524668453876803e-01
7.304758566867991521e-02,-1.432697565319054345e+00,-1.940508763447353013e+00,1.129289268262877233e+00
4.965710232700329962e-01,-1.311113627592967124e+00,-1.737660594905894751e+00,7.549167221163974872e-01
2.091664103933103258e-01,-1.602905570048830830e+00,-1.703790015112869316e+00,9.346195556314079722e-01
1.969142847955068776e-01,-1.227711444438869925e+00,-1.672470815062805372e+00,8.776375043680861854e-01
1.564594735632872657e-01,-1.434047807084167125e+00,-1.609139965310848908e+00,1.122464974116698322e+00
2.194179368214101422e-01,-1.630002167292828430e+00,-1.888831176947472823e+00,8.095215848917980406e-01
2.570203965897233656e-01,-1.523716507833661638e+00,-9.097819417367496442e-01,8.133608156715386173e-01
2.659446829783922439e-01,-1.437982461251362087e+00,-1.365852538200453381e+00,1.202873593171244870e+00
2.408898903537865233e-01,-1.745715815831977213e+00,-1.574604630794875115e+00,1.021917400525597319e+00
2.749519534462257497e-01,-1.340564329781812170e+00,-1.579803498355038860e+00,7.022635457948893656e-01
5.500084696294837983e-01,-1.779750723090720577e+00,-1.311052104611796443e+00,5.943883712947435338e-01
nan,nan,nan,nan
3.872067392813227649e-01,-1.727626847741178473e+00,-1.316576598358753403e+00,8.425631071613669532e-01
5.122441845617297096e-01,-1.108662413283685089e+00,-1.484970619416413173e+00,9.165145734698426638e-01
2.099927277764486733e-01,-1.478161889622977121e+00,-1.581980987974328734e+00,1.195600075955151720e+00
-1.936553281292983097e-01,-9.563838663240391558e-01,-1.979743606918052290e+00,1.447595127691765793e+00
1.709417843909964985e-01,-9.211878644523023851e-01,-2.692282231724124397e+00,1.264597670963156784e+00
-6.394489908862810434e-02,-1.325046681739260102e+00,-1.918678103098841126e+00,1.332536296252039953e+00
-7.949352104432455546e-02,-1.138868849039666120e+00,-1.809239258949846718e+00,1.015086107233992507e+00
2.864903980087526447e-01,-2.046170555717632844e+00,-1.921800712020349078e+00,1.041184468793595830e+00
-1.627868090898222653e-01,-2.037270739580810730e+00,-1.983452949968960599e+00,1.755651764440984586e+00
1.203813268072927434e-01,-1.920031539091102246e+00,-1.855442701550516382e+00,9.835352757631039555e-01
-1.624414123748194605e-01,-1.325323816819364620e+00,-2.517485719849891446e+00,1.282275300182163846e+00
1.732336849722788119e-01,-1.880843726154777018e+00,-1.679920650772191992e+00,9.262591628915330944e-01
3.460594466430332306e-01,-9.279993901693601721e-01,-1.602980245371368628e+00,9.183547531842731759e-01
1.151620576776544169e-01,-1.244569531381147121e+00,-1.969208455966950266e+00,1.254307714892872738e+00
7.936782219056848220e-01,-1.225147242108638679e+00,-1.047685447435317219e+00,5.577297556165350390e-01
7.935261832165884099e-01,-1.401201627831885732e+00,-1.165277735256824210e+00,1.023585559999794503e+00
3.211032430044289954e-01,-1.065445483261826531e+00,-1.652821524758286031e+00,1.252657798302609482e+00
4.451152009680744981e-01,-1.129714170492954306e+00,-1.698081261612031545e+00,7.879807748850852223e-01
5.761278372427133254e-01,-1.118596752260036187e+00,-1.382114304000538807e+00,7.988658321545597518e-01
2.520221060728365381e-01,-1.701311162456697890e+00,-1.346609153968449712e+00,9.054353657866146543e-01
3.736098172286257402e-01,-1.095966871263710951e+00,-1.293090481059713470e+00,7.746432769905019500e-01
3.326061435549881873e-01,-1.479619376017458965e+00,-1.814933248335083071e+00,1.046244578690423532e+00
-1.234048419832775578e-02,-1.546135206702381470e+00,-1.739441964460533674e+00,1.114128006825895412e+00
1.150736198599037197e-01,-1.933931675846085385e+00,-2.241659049238313273e+00,1.400155413340615773e+00
6.053602795566225270e-01,-1.915708708567661400e+00,-1.294964329509704193e+00,1.201549242488520353e+00
6.299562240994992235e-02,-1.089661321688703222e+00,-1.741794082276870936e+00,1.245534584228111585e+00
5.053207010389069165e-01,-1.362231052188241698e+00,-1.693072171729876896e+00,1.482352206315815657e+00
-1.977827351812020407e-01,-2.071171814937386557e+00,-2.003476709275926915e+00,1.507020273162585244e+00
2.507303977172853915e-01,-1.508390205190676125e+00,-1.635307139063601589e+00,1.304470854623699605e+00
8.697476509403992417e-02,-1.708748841524005746e+00,-1.927627386416524535e+00,1.348571025844379712e+00
4.103652411063648531e-01,-1.120976538843920789e+00,-1.387909522785858218e+00,6.000214378109040014e-01
6.705892749444508638e-01,-1.565618590778304675e+00,-1.067129432717174975e+00,9.886633145511511955e-01
3.749486752191617533e-01,-1.189532554294250533e+00,-1.657832269348743059e+00,8.662777337564165903e-01
2.758424547410134875e-02,-1.300513119826891106e+00,-1.880204261220580708e+00,8.129401669020098753e-01
7.005304652293312673e-01,-1.279417405061686885e+00,-1.455206772482216859e+00,7.794475026222713598e-01
3.211747123348797639e-01,-1.404678420907464531e+00,-1.740145866564763111e+00,7.791145597762185737e-01
7.897433468164375414e-01,-1.702285174729990302e+00,-1.090152500248950940e+00,4.781467122206543019e-01
8.028316150872352175e-01,-1.217592294016797361e+00,-1.577977378794215291e+00,9.801318877840213828e-01
9.161564307002990626e-01,-1.627313546445652737e+00,-1.437138008152421653e+00,1.116319183621589328e+00
-2.937876560765227962e-01,-1.410028855265922809e+00,-1.578291136954065088e+00,8.299826185567800163e-01
2.532150848642456542e-01,-1.414107386509358522e+00,-1.666387702958816330e+00,8.535017346059765586e-01
-3.333853031926045096e-01,-1.185341217001133707e+00,-2.475266806355564064e+00,1.403780217960724386e+00
-1.297315951924618016e-01,-1.085346047686872151e+00,-1.397649758186474855e+00,1.420726722767202688e+00
5.029468971038504321e-01,-9.349417873762404518e-01,-1.116131304639884414e+00,6.445457271938008770e-01
4.236094000433563989e-01,-1.154991331754940953e+00,-1.708036531063187313e+00,6.986680746055933255e-01
2.322306941410962611e-01,-1.890903761946164607e+00,-1.755571081687236301e+00,1.211830787454386327e+00
nan,nan,nan,nan
2.310078387949260903e-01,-1.121498342147573046e+00,-1.756965725681416624e+00,1.294500274152434960e+00
4.962392201485374965e-01,-1.332750068278353295e+00,-1.470199298751501793e+00,7.841595128576223095e-01
4.912526698487263976e-01,-2.052690237641956017e+00,-9.624966682385600603e-01,6.021032852255474577e-01
5.027315971732234656e-01,-1.156665119058509994e+00,-1.524582956836560976e+00,7.212979325876468506e-01
6.012122222263560634e-01,-1.347926588309046991e+00,-1.586480017995832714e+00,1.107827501783902546e+00
2.756205952517263302e-01,-1.860282595672991812e+00,-1.857321576902174254e+00,1.309132107241383292e+00
6.117435842719104455e-02,-1.307760105568307463e+00,-1.517371757848038794e+00,1.164124862102055236e+00
2.998232843119900126e-01,-1.818602627088123480e+00,-1.537302760230994991e+00,1.148510918918473456e+00
5.854956055897975187e-02,-1.284203456274217503e+00,-1.897248713192616343e+00,1.028340406780813288e+00
7.418530382468971340e-02,-9.421974569498621221e-01,-1.593043819907148162e+00,6.871092385210629816e-01
3.161347150490598779e-01,-1.692819593237903320e+00,-1.552542096949526940e+00,9.048004925859244318e-01
2.641300696680841109e-01,-1.344894005945793891e+00,-1.840928580928359981e+00,1.116481809533085068e+00
6.071053000764123908e-01,-5.436356383769103129e-01,-8.357848949400101812e-01,5.011264636376295822e-01
2.986577458623211334e-01,-1.721133906590662566e+00,-1.270502345519215037e+00,8.681186270935901117e-01
4.547014777601265378e-01,-1.300319977883871658e+00,-1.372147485353439000e+00,8.642563335506494582e-01
-6.318464175340776645e-01,-1.034706054891020521e+00,-3.000594234064391408e+00,1.354797419425694871e+00
-7.034687728076975677e-02,-1.948771023682553505e+00,-1.942887795356213587e+00,1.696804885795329731e+00
8.524915351947655040e-01,-1.721026027015593929e+00,-1.054045691056645140e+00,8.663545181324328048e-01
8.453845808152161689e-01,-9.778432070515360452e-01,-1.293745959954183844e+00,3.272581914897711997e-01
5.333343583586849235e-01,-1.541887069076665950e+00,-1.794011270875869091e+00,9.628551936299600822e-01
1.522150480920109183e-01,-1.733472503757434779e+00,-1.587312776887875421e+00,1.315280988671639451e+00
nan,nan,nan,nan
4.726244647935458065e-01,-1.254473961601088039e+00,-1.481968857965910935e+00,9.987329163227122164e-01
-3.136210167848326180e-01,-1.193964994609989505e+00,-2.425088878745610188e+00,1.399370410328539815e+00
7.481362270472945442e-01,-1.304094057148147412e+00,-1.015913259998376228e+00,6.907434255170821213e-01
3.352450683478093163e-01,-2.091258894396556656e+00,-1.794470025483231312e+00,1.290109852511030386e+00
7.412062526756041381e-02,-1.814632613309242526e+00,-2.557083086044088738e+00,1.227025865489382861e+00
4.984990853098048569e-01,-1.948669195541707477e+00,-1.544775767435052627e+00,1.624193446312900857e+00
3.730015758888908239e-01,-1.400592268911244664e+00,-1.553818516957736762e+00,1.061793826215460701e+00
-9.191475934280546323e-02,-1.688762738275469077e+00,-1.926070453153581497e+00,1.390463540259200048e+00
nan,nan,nan,nan
3.051624149628600069e-01,-1.333508166226969216e+00,-1.614427553220472600e+00,1.238559737961468787e+00
3.662033820843583198e-01,-1.495555308434085129e+00,-1.580706159920723719e+00,1.077261125637176464e+00
-3.548044367990055292e-03,-1.531221152062541391e+00,-1.420662103121002495e+00,1.338190995667182026e+00
1.799869307551901776e-01,-1.627263524686559659e+00,-1.571717837457470957e+00,1.069784065403761808e+00
nan,nan,nan,nan
1.585409920211207635e-01,-1.243200254151063611e+00,-1.934347622260088606e+00,1.253152675462450460e+00
nan,nan,nan,nan
1.930169963694919333e-01,-1.792114628596018999e+00,-1.973424799939797580e+00,1.459586482655609085e+00
3.116552433788090659e-01,-1.339730769458323145e+00,-1.701544681284257177e+00,9.792321951214996156e-01
nan,nan,nan,nan
8.168047275660978990e-01,-1.530267342346422144e+00,-1.094152832644974094e+00,5.397515052160630766e-01
-4.326944202554731667e-01,-1.967647185077168404e+00,-2.135330423139095490e+00,1.621316258515183906e+00
1.051539508591272098e-01,-1.543052228882786814e+00,-1.919301501594042447e+00,1.003279555815583368e+00
-1.610117903309002396e-01,-1.651955492766183697e+00,-2.033513055641301914e+00,1.426810261624497755e+00
3.521322686214039543e-01,-1.577248253326506422e+00,-1.580392231584034857e+00,1.006750407205589504e+00
nan,nan,nan,nan
2.427875356837919107e-01,-1.997100595640020293e+00,-1.924010169888354493e+00,1.663656324216856719e+00
8.026300839704069157e-01,-1.266272575603309525e+00,-8.409845933190581713e-01,2.116042859603409765e-01
3.886246580978328646e-01,-1.750197494036592527e+00,-1.359351557434966384e+00,8.158858304402178963e-01
4.895056734236331031e-01,-1.200254588909164699e+00,-1.446493785085024353e+00,2.318000344012329517e-01
1.310809085858696266e-01,-1.688692783931739161e+00,-1.665172387377827246e+00,1.234609521939632026e+00
6.041638802594626600e-01,-1.316872388908206570e+00,-1.384541412132527460e+00,5.774371567437606156e-01
-1.544460098315538765e-01,-4.798727185484299440e-01,-2.133650519454861616e+00,9.021939454914790213e-01
-3.744611276203515526e-01,-1.444803176823403312e+00,-2.178205614640966292e+00,1.244840050274328869e+00
1.785892614287065139e-01,-1.834334953790726752e+00,-1.542948372305615878e+00,1.108106427957006090e+00
2.188637718385254560e-01,-1.433109043360267787e+00,-1.730758302087427758e+00,1.055339429214863234e+00
2.532016934461934210e-01,-1.737006011376819981e+00,-1.804230539550415680e+00,1.270089477707338599e+00
2.500650711802006043e-01,-1.650802251981777324e+00,-1.731832173743278025e+00,9.939174093080902495e-01
5.742489450477867852e-01,-7.726229925401706389e-01,-1.399099070718407001e+00,5.818117345766509185e-01
1.289549232833739900e-01,-6.285174845853247483e-01,-1.102141398959995300e+00,-3.837528860126400154e-01
2.727702205717667527e-01,-1.389080605158894199e+00,-1.562565945504668541e+00,9.459265251006242492e-01
7.826915271378553918e-02,-1.289107719945161046e+00,-1.764422646340516154e+00,1.340974950811831157e+00
4.121438965057597770e-01,-1.342386128710431059e+00,-1.497655107148234244e+00,7.704743079305711451e-01
-1.836812666578285236e-01,-1.389863658339779207e+00,-2.054086620378694050e+00,1.293322436483267168e+00
2.037432941192544256e+00,1.841044099495507425e+01,-2.248682576325051130e+01,-3.689312776466788790e+00
3.504944200129148091e-02,-1.221060055581526971e+00,-1.148360297814483788e+00,1.141347509465133303e+00
-1.739058382537063685e-01,-1.008103821693142832e+00,-2.571101903008973899e+00,1.472813974384267421e+00
nan,nan,nan,nan
-8.491337758741909769e-02,-1.958807731736268654e+00,-1.591091974178523438e+00,1.378434563151994086e+00
3.645818312829413044e-01,-1.517394122474856610e+00,-1.692083658105499433e+00,1.127827287921026933e+00
-3.570703552256927482e-01,-1.765402806586908957e+00,-1.692346906812292495e+00,1.503400699517531081e+00
2.381460923408210140e-02,-9.683140563075213203e-01,-1.781750550395191590e+00,1.110693598061064158e+00
-2.048906965224286392e-01,-1.870248852675590268e+00,-2.117110239860256371e+00,1.265966755021089130e+00
4.650532239795459599e-01,-1.293349548618771383e+00,-1.403697893389384888e+00,9.081430971357703497e-01
4.102174308410314052e-01,-1.497714123575755396e+00,-1.614868427249553928e+00,7.278898930254457111e-01
1.128650912257167960e+00,-1.315937306686837394e+00,-1.000463802078415343e+00,5.578363640331984730e-01
2.869926815678213172e-01,-1.435818863206114404e+00,-1.886986375515714354e+00,1.345055444301644920e+00
6.583545111534790939e-01,-1.018516955466388429e+00,-1.663396976780660230e+00,7.929584464295973412e-01
2.153102148040655917e-02,-1.564675094320030491e+00,-1.796855495683375326e+00,1.021189445523021710e+00
3.393397158820806170e-01,-1.038963989987129910e+00,-1.329829668058764014e+00,9.740677522353536899e-01
-3.638639491749444399e-02,-1.472767377458831906e+00,-1.870987881798374053e+00,1.504298733022349621e+00
1.966597979237544314e-01,-1.087664982867462937e+00,-1.559870220915139605e+00,8.198774283933110141e-01
-7.094121929128090198e-02,-1.573568466623412654e+00,-1.940607625517062562e+00,1.356239470565929084e+00
3.265195132556099611e-01,-2.058929142614370544e+00,-1.498763455890184559e+00,1.218577509472388076e+00
1.717220291516081132e-01,-1.434997510980395852e+00,-1.879593084567808159e+00,9.616944807454926858e-01
-2.374484335212138086e-01,-1.624576461817335948e+00,-2.263159006870906875e+00,1.271320626260217024e+00
1.030020659985025899e-01,-1.495895419074193766e+00,-1.769038096861019760e+00,1.087857955027869528e+00
8.291898889119693195e-01,-1.348175078698860441e+00,-8.711451948904137543e-01,7.507894665004773982e-01
-2.328324107958598677e-02,-1.291149514228526529e+00,-1.901716959651605698e+00,1.119283654449036991e+00
nan,nan,nan,nan
2.152857903333154632e-01,-1.425263594466545491e+00,-1.431306013210344341e+00,8.450624733056890658e-01
4.297802974994794356e-01,-1.219012715301527550e+00,-1.973747582005092926e+00,1.211018131106313955e+00
-3.022725912814134830e-01,-1.854601776146264758e+00,-1.649543655581278134e+00,1.317179671317703749e+00
2.982020004018550718e-01,-1.211782388782951747e+00,-1.523376826790230787e+00,1.117127793988448303e+00
4.616994877774963646e-01,-1.630350111157320203e+00,-1.295697543708232313e+00,8.431366671867488449e-01
-4.020428897821934355e-02,-1.525449043678915650e+00,-1.693663145313827778e+00,1.213460739446873715e+00
3.212787101928997746e-01,-9.112007833061321893e-01,-1.397146032424434248e+00,8.044211702707596556e-01
4.571153970037749037e-01,-1.429785585389982572e+00,-1.458791518520597075e+00,1.015633469000014832e+00
2.034862387231101688e-01,-1.448385328274388595e+00,-1.667183223795434488e+00,1.047276134920423818e+00
1.718858533639723851e-01,-1.456881300418082725e+00,-1.883352537309379127e+00,1.076721435653620551e+00
1.348766953177748529e-01,-1.645265652354517494e+00,-1.824120550342710256e+00,6.876353091760213365e-01
-4.242289670848769845e+01,-1.294601222931673234e+01,1.580786721669995742e+01,1.327654238821638621e+01
1.202166530394534472e-01,-1.421559097825007889e+00,-1.628471871112776581e+00,1.071747193015779587e+00
8.781439296402842043e-01,-1.693032728053280644e+00,-1.535782450752417372e+00,1.371323015706872095e+00
2.527642672595771245e-01,-1.152001730069930119e+00,-1.337744056364901457e+00,1.651206518117817490e+00
1.126559923894738580e+00,-4.310601377349581043e-01,-7.395585502952792822e-01,4.001579593856525285e+00
9.346121446374411335e-02,-1.861868576926668073e+00,-1.794652062638878443e+00,1.099098044038490540e+00
2.010386681564627909e-01,-1.548910177348609363e+00,-1.688496349931998930e+00,1.159223542117423733e+00
5.786759053077075166e-01,-1.630714710207301410e+00,-1.126076295883585043e+00,1.065391548281564793e+00
1.283150821264122277e+00,-5.212130188168644374e-01,-9.680475028431696494e-01,-4.163662938123940949e-02
1.321287477105304864e-01,-1.453675289192040143e+00,-1.733501832709316126e+00,8.829313697477190193e-01
3.034882517151140657e-01,-1.092684257298587980e+00,-1.353644469684084362e+00,1.056430459681015011e+00
2.865573911835992416e-01,-1.628836102733443481e+00,-1.640172514181383212e+00,1.302403130998358360e+00
4.265615147898261794e-01,-1.421422844649171902e+00,-1.446548426222951100e+00,8.504896280827585198e-01
5.514882928981419408e-01,1.356785171235847187e+00,2.956086566582776243e-01,2.448167039054326644e+00
1.324860792030062018e-01,-1.811706578399885359e+00,-2.048857769002490503e+00,1.398008295058286610e+00
3.144720516678756184e-02,-1.746140109613196545e+00,-1.683231904465939177e+00,9.631343161245657924e-01
4.004729697578087166e-01,-2.141021233957528302e+00,-1.665199430800633484e+00,1.365298316228270803e+00
1.101320391235759699e-01,-2.007765981559216151e+00,-2.007843546117790812e+00,1.678558560404140643e+00
4.923082211615835146e-01,-1.105562266469412247e+00,-1.422377518164133825e+00,7.694505606572892287e-01
1.937431910755379461e-01,-1.607868058765737906e+00,-1.640430588346394325e+00,1.572473609951373863e+00
2.443083919929761594e-02,-1.656077016229864141e+00,-1.507246057945833995e+00,1.451149512978083367e+00
2.308595866793204943e-01,-1.558206753307727510e+00,-1.586834232586616267e+00,1.256940233605741142e+00
2.920114655738393905e-01,-1.302843769150215714e+00,-1.584286199008363427e+00,8.273790795427309330e-01
8.377836085474916761e-01,-9.314633494254147550e-01,-1.492600361529817565e+00,5.342966796488679559e-01
4.193641895859782087e-01,-1.482619428330069766e+00,-1.487505882843212612e+00,8.817566690826641462e-01
1.878845522193651751e-01,-1.027433286494480624e+00,-1.780976003094038917e+00,7.207123452456205559e-01
2.230121989250659631e-01,-1.843171939410993998e+00,-1.632343260022055542e+00,1.299696367745784453e+00
1.814730893790666433e-01,-1.012967409430802768e+00,-1.494397354585832227e+00,5.933767070461996029e-01
1.312973913536845116e-01,-1.564874498041047168e+00,-1.759767532295540837e+00,1.365460541513005666e+00
3.626123669994493759e-01,-1.346205460991171776e+00,-1.533240528207918008e+00,9.748782040334771359e-01
7.158772688572350162e-01,-9.257070371821578547e-01,-1.037402629159081435e+00,2.125451091258172553e-01
3.497180736364661202e-01,-1.307010449391908802e+00,-1.992934345592403345e+00,9.476665065607221550e-01
5.191976292484634659e-01,-1.360529174027518051e+00,-1.448782467073842284e+00,8.813469080343072637e-01
4.092711873084194929e-01,-1.333367913000781169e+00,-1.522396287658365654e+00,8.699452702220881184e-01
1.520847319872726366e+00,-6.700076076604202235e-01,-1.025164334796506482e+00,1.044221562083315291e+00
-9.158411411095845889e-02,-1.464954004859056580e+00,-1.653609554121094227e+00,1.373045067384385032e+00
3.170121264130362770e-01,-1.098028663083162826e+00,-1.490995003400178653e+00,8.927466938214703163e-01
-1.006356327071532775e+00,4.052471363079375166e-01,-1.236575907539832375e+00,5.492113995078402588e-01
2.585292250074699982e-01,-1.412645058601869730e+00,-1.644641974726195111e+00,9.836585757049851608e-01
3.607746626015029268e-01,-1.644390375335053944e+00,-1.522159025457038739e+00,7.346282491982036866e-01
-1.091922401133488263e-02,-8.508158406190144962e-01,-1.101788603869575223e+00,2.080034171595189774e-01
-6.595156187713890894e-03,-1.775876140612907328e+00,-1.885436192556593893e+00,1.278966940156557763e+00
-2.002990986613031876e-02,-1.624004369224024469e+00,-1.821830992984761366e+00,1.422729042539137012e+00
5.585400460145055757e-01,-1.514334724015834022e+00,-1.657558627863302103e+00,9.766639016976805809e-01
2.888074923874613953e-01,-9.311825434864966500e-01,-1.890075825034698287e+00,1.113055084578219667e+00
3.306045907321275568e-02,-1.516472669324341105e+00,-1.710213511402721043e+00,1.278458415380530067e+00
2.326741898354757199e-01,-1.154064584534249205e+00,-1.709484747657756154e+00,8.082834304188086794e-01
1.042452181011381152e+00,-1.801616645651943127e+00,-1.108421241174971872e+00,3.641909592124923378e-01
5.256469385932437399e-01,-1.318348840529803834e+00,-1.616833367640584385e+00,8.933386837062262664e-01
1.349032125383390346e-01,-1.702518472693541840e+00,-1.786309036663898508e+00,1.264809811210089840e+00
9.175268630574544559e-01,-1.910200242863729692e+00,-1.483766991001799873e+00,5.445454015467015019e-01
2.546566897093345272e-01,-1.622918502722900946e+00,-1.634280799923265137e+00,8.864171935480262832e-01
4.500881388662387739e-01,-1.085151662219967950e+00,-1.372762577952685747e+00,5.113461575293192229e-01
-2.437809465518296359e-01,-1.240126710152610334e+00,-2.359271619132853104e+00,1.430776612154399885e+00
6.394733716122387168e-01,-1.206497310445580062e+00,-1.185839233843818175e+00,5.934026350176215825e-01
3.811786421534857916e-01,-1.206651464832519283e+00,-1.434354327686031993e+00,9.525217344213883219e-01
3.653910548540889036e-01,-1.349206155800890095e+00,-1.528124719377348839e+00,1.132887873155441261e+00
1.557713135829690843e-01,-1.527318548144089627e+00,-1.688628219147955800e+00,9.232037120433400634e-01
nan,nan,nan,nan
1.561185166291080728e+00,-1.180938549973109319e+00,-4.685338098044553590e-01,1.495157684997357350e+00
1.562625891925409349e-01,-1.603733045825425307e+00,-1.809003927227479380e+00,1.256805618130534485e+00
8.655191402456363647e-02,-1.814597970597293219e+00,-1.721205100314947334e+00,1.606057105834398424e+00
-2.335272774663898765e-01,-1.418580567801316583e+00,-1.697506092099270614e+00,1.108342768518394195e+00
nan,nan,nan,nan
1.034753827104596846e+00,-1.251315224638462009e+00,-8.578546927827350732e-01,4.173338532418922053e-01
4.270499394420890216e-01,-1.326594818111661800e+00,-2.113497776603277867e+00,1.294921755132375951e+00
nan,nan,nan,nan
4.486131389659357982e-01,-1.681454466964172001e+00,-1.238678611881628200e+00,1.072362058587060796e+00
2.482510508091238799e-01,-1.317500061429783598e+00,-1.741686352839904028e+00,1.146420329228584167e+00
nan,nan,nan,nan
nan,nan,nan,nan
2.334223957963829088e-01,-1.357027417275341152e+00,-1.736315754945903844e+00,1.011815711629290737e+00
nan,nan,nan,nan
nan,nan,nan,nan
9.066967510160299781e-01,-9.472246627919086448e-01,-6.814909778442246324e-01,3.412635283591788360e-01
5.053490149507257057e-01,-1.540428657411991420e+00,-1.801284636427761932e+00,9.370560793113580367e-01
4.541778157460396592e-01,-1.077164000896398521e+00,-1.178422948736170373e+00,3.417722112480307550e-01
1.412865024693647775e-01,-1.204407269614862663e+00,-1.850446401320631873e+00,1.367487415313829224e+00
-4.553826765717916558e-03,-1.757629654475621361e+00,-1.683398117901052871e+00,1.407168572519262195e+00
7.716562392596745923e+00,-1.303385933329355950e+01,1.116372290526340905e+01,5.356466614000871651e+00
1.863349008207385304e-01,-1.429539712248574235e+00,-1.692063847606616100e+00,1.061596468294070172e+00
6.116004984361859131e-01,-9.528752827978403950e-01,-1.045152949188226543e+00,3.508903133457099699e-01
9.215931685925986550e-01,-7.860582535704360163e-01,-1.353283726053364777e+00,3.822036420165915160e-01
3.873770949447818968e-01,-1.116088301940428185e+00,-1.671055980209129821e+00,8.973610501377056181e-01
6.853000575989636189e-01,-1.344227762146510186e+00,-1.458508461575292792e+00,6.304987503176162633e-01
-4.994839804011538820e-02,-2.123768061960399578e+00,-1.610566030198134380e+00,1.430767013599616000e+00
2.250581626399069113e-01,-1.274021934436234016e+00,-1.697051794023161531e+00,1.124548136540064469e+00
nan,nan,nan,nan
1.422640310126149776e-02,-1.716368732183861434e+00,-1.920948368061296652e+00,1.116245644888418820e+00
9.407944947207314002e-03,-1.670031441590349885e+00,-2.097785537723579008e+00,1.231483537470489331e+00
3.209951197228628761e-01,-1.390415130542542066e+00,-1.568047184619869139e+00,1.010179217229293380e+00
6.639517979270980197e-01,-7.952442874794816152e-01,-1.399547645967392784e+00,7.099237927512250801e-01
2.915525950041532588e-01,-1.275354343124000867e+00,-1.107322044673904937e+00,5.209633345460603637e-01
7.091136903783995526e-01,-1.323619015048670411e+00,-1.107622869218073625e+00,8.106800914276399705e-01
4.698370002697119241e-01,-1.126514361064018921e+00,-1.368265963116801487e+00,8.852803176386709882e-01
2.093523647172408075e-01,-1.274875241514641822e+00,-2.045712184160815461e+00,8.652148557764525183e-01
4.894973463171111150e-01,-1.193573344913775536e+00,-1.453904741092800990e+00,9.426934766467396365e-01
1.223157003199840664e-01,-1.704137509042892518e+00,-1.216264181459774107e+00,8.197738711183351068e-01
2.834306661752648004e-01,3.642529215359400219e-01,-2.796304629508661765e+00,4.507402609902850799e-01
nan,nan,nan,nan
2.412863676950581793e-01,-1.511767001930725884e+00,-1.665370905895853015e+00,8.584089097238284394e-01
2.231546685812960118e-01,-2.036865964215897051e+00,-1.552754093219201659e+00,1.163421875340476808e+00
3.302144996765451479e-01,-1.302440372858228557e+00,-1.925292397155918378e+00,1.027286598595283929e+00
2.034529685907022489e-01,-8.953083061845672486e-01,-1.534090040413408573e+00,9.265799789935353914e-01
nan,nan,nan,nan
4.119892484396914245e-01,-1.403707575930611684e+00,-1.647167979550761885e+00,8.730326184943716372e-01
3.218554682526400534e-01,-1.327444328465500201e+00,-1.511312582097094737e+00,5.334541004618551518e-01
-4.033680241472962225e-01,-1.637285757524924446e+00,-2.216556589590747528e+00,1.570192368359657697e+00
5.775833303949570730e-02,-1.707906607447291281e+00,-1.783088163514693347e+00,1.282471957529930817e+00
1.340216634161257026e-01,-1.764901692931982735e+00,-1.780670384221884728e+00,1.229309601236871607e+00
2.400412694670830960e-01,-1.126403399439127373e+00,-1.715669836282160743e+00,9.776083587204584813e-01
5.765646688049522739e-01,-1.069392657236171384e+00,-1.369555200732665456e+00,1.002164981330912585e+00
2.312571813150450795e-01,-2.059049084595984791e+00,-1.842079330344029486e+00,1.550443612931906578e+00
3.164331162914307827e-01,-1.550473358808747371e+00,-1.548356535478891072e+00,1.096330623937923798e+00
8.000865786896410592e-01,-1.365833086906606431e+00,-1.292429632571637566e+00,5.273649409101688335e-01
1.195368427422958957e-01,-1.450570124529327654e+00,-1.439876435474050531e+00,9.867576269195591498e-01
-1.049062008820552117e-01,-1.643427258571642513e+00,-1.906974027424364060e+00,9.446789203761951637e-01
3.356536532152999408e-01,-9.054948289560587060e-01,-1.655643627441653720e+00,8.076416460822375409e-01
-2.709028382267296142e-01,-1.807824620225825241e+00,-1.500355323854444256e+00,8.272443049945688021e-01
5.774507975031593077e-01,-1.467029389771458581e+00,-1.129849974073026120e+00,7.536409710549500929e-01
2.815265255538296207e-01,-1.471973041930444204e+00,-1.672119112080419523e+00,1.188815066689459243e+00
2.202473695958117594e-01,-1.399870616389038203e+00,-1.706330344930742537e+00,9.745623186228900003e-01
2.489825474107572045e-01,-1.264685931325514323e+00,-1.325165389965365259e+00,1.138783606369026424e+00
-2.103551034198116731e-01,-1.739575840732822565e+00,-2.026491035461189583e+00,1.363609944786701389e+00
6.672136077911169361e-01,-1.376685349549435777e+00,-1.271165645477741801e+00,4.595291271382049292e-01
4.872025186443206812e-01,-1.681649107481681060e+00,-1.179028680170442822e+00,9.775906280743303922e-01
2.757720049497549564e-01,-9.722553116990343414e-01,-1.699758347348680809e+00,9.349436716266334990e-01
4.177687697034851988e-01,-1.380476474592635894e+00,-1.515804685724660539e+00,9.139806432344763643e-01
3.184132394253806897e-01,-1.639179851266526766e+00,-1.455405422559924222e+00,1.341351820648692073e+00
3.778991086129057653e-01,-1.898606045151476351e+00,-1.726249730011390815e+00,1.151199488974612439e+00
1.080279691824578836e-01,-1.796054772431057600e+00,-1.202177848476897015e+00,1.329868498774747554e+00
5.128820480973399487e-01,-1.460014359903322401e+00,-1.670740226917728721e+00,1.408595372393232736e+00
5.337517599900301057e-01,-8.366576081522709707e-01,-1.789640326455981478e+00,3.598070459942107613e-01
2.007946916431745943e-01,-1.437426360582717777e+00,-1.438189550222014557e+00,6.788682669904927414e-01
6.910227608232206720e-01,-1.348647078869802618e+00,-1.215629423952280019e+00,6.848390464044582515e-01
-2.492914163804670347e-01,-6.987132799242221637e-01,-2.032552956828586943e+00,9.882226451429624303e-01
7.689131819819586822e-01,-1.897842194023099172e+00,-1.994061685746027379e+00,8.381672919770933872e-01
4.448810303483555217e-01,-1.398347452123818391e+00,-1.652260643242053462e+00,9.975610011562424662e-01
4.109583336437194756e-01,-1.289455568691573406e+00,-1.444787307886593375e+00,9.889446744338222794e-01
nan,nan,nan,nan
2.690400263811720816e-02,-1.773003601205381141e+00,-2.007854832818749102e+00,1.350293017997981959e+00
6.584782069606748278e-01,-1.118342653855993074e+00,-1.456996360986082095e+00,7.366986206319298125e-01
2.567369388055367185e-01,-1.240996778171569392e+00,-1.785497994771789054e+00,1.112553816951598051e+00
-1.622713153865545710e+00,-6.426313651263646065e+00,-2.993472207300324595e+00,1.193289345285441616e+00
1.917574049274445858e-01,-9.603227712332470523e-01,-1.802297582462757841e+00,7.792270770672472535e-01
2.581961213545077571e-01,-9.090163453399633386e-01,-1.648014204562436413e+00,7.332459864653717574e-01
2.172411328274417852e-01,-1.300574805041979198e+00,-1.611681734414564193e+00,8.664639553839279529e-01
-1.525826848157502691e-01,-1.775672082216618763e+00,-2.045430531475560976e+00,1.594983362573332286e+00
-1.539144799516922735e-02,-1.311170813456838946e+00,-1.759273582567440375e+00,9.406665854950058137e-01
2.851048701600817359e-01,-1.575692687966997241e+00,-1.523231522082391765e+00,9.674825939900233429e-01
2.134676844244508542e-01,-1.275110773952817134e+00,-1.626681012192631837e+00,1.055946634026469821e+00
1.669460108784961427e-01,-1.717235835114132581e+00,-1.957760292269841385e+00,1.416607230657307426e+00
2.888356585964351186e-01,-1.474162222850079029e+00,-1.404437909913565985e+00,1.030951963645128089e+00
-1.208599895334855345e-01,-1.128564913450074592e+00,-2.130349848609640162e+00,1.397436087787098380e+00
6.062938082849980148e-01,-1.031082328828641703e+00,-1.504100310245813477e+00,8.977056449378663094e-01
3.034813297033012169e-01,-8.892038397194148569e-01,-1.215213831032365466e+00,8.774773890582636682e-01
4.539968852426415902e-01,-1.372061910352335268e+00,-1.515143548033811571e+00,1.189794561664015093e+00
5.746415259779744655e-01,-1.495088041665413980e+00,-1.583144916774603006e+00,5.458971992693772979e-01
nan,nan,nan,nan
4.463785470030958713e-01,-1.271506766710870595e+00,-1.515651460908056247e+00,5.005014306549800951e-01
3.937320011282901544e-01,-1.442547846790206867e+00,-1.629482136342329524e+00,8.053905868152277936e-01
-1.245948982869304889e-01,-1.516772650108525022e+00,-1.910879519016277506e+00,1.319525383996187795e+00
2.543378832250457466e-01,-1.886358235700255292e+00,-1.517331164382770492e+00,1.491768158246267628e+00
2.126802813485161314e-01,-1.423362757112387911e+00,-1.737680606967924923e+00,1.378180050469890006e+00
3.641799344742281397e-01,-1.274492266287558184e+00,-1.552280612549430172e+00,9.065581210279048952e-01
7.280052828183614100e-01,-9.968710211216649242e-01,-1.002609654478755274e+00,8.302286550810616950e-01
2.785174449884947334e-01,-1.315303642616800550e+00,-1.549775612797411384e+00,1.179341523167194872e+00
3.897497370239544345e-01,-1.446308783346198945e+00,-1.447779683517485427e+00,1.026365240033740189e+00
2.505229503891451270e-01,-1.319274102161135387e+00,-1.337775111618580981e+00,1.215442260953139453e+00
5.717837627728215466e+00,-1.124446966625447963e+00,1.616585239239184624e+00,-4.550830178179559482e+00
3.705295678780842206e-01,-1.579332759948865572e+00,-1.564600764814548128e+00,8.476052792622876808e-01
5.347435153404649366e-01,-1.254980501418228700e+00,-1.571531592353998308e+00,1.115939521803828161e+00
-2.618046528301901099e-02,-1.848998293752396549e+00,-1.784040160300920164e+00,1.213505395243823504e+00
6.747479024867852893e-01,-1.294100483936079016e+00,-1.114413860041510107e+00,8.596857214522894974e-01
5.050745089570904867e+01,1.506996185868751752e+02,-1.720446899867746424e+02,-2.378667256489607951e+01
-4.327057587385828574e-01,-7.624674326741800456e-01,-3.606736604266412627e+00,1.240918424358442129e+00
4.439436159227321266e-01,-1.433230912529554146e+00,-1.521269675740045013e+00,1.306266371172548624e+00
-2.133119426083460168e-01,-1.346508718781808556e+00,-1.836485336318186334e+00,1.382340769877432818e+00
2.441316720949023023e-01,-1.430474020199428375e+00,-1.962921751140262128e+00,1.034979291035427185e+00
6.153885509664644982e-01,-1.448171163313916932e+00,-1.406326874502563218e+00,8.994433486700220692e-01
1.171431041965073305e+00,-1.217792668462044148e+00,-8.501941031386865966e-01,4.724283521231820160e-01
nan,nan,nan,nan
3.543568317582762028e-01,-1.782115010017014001e+00,-1.463418301419562750e+00,7.952937145236319560e-01
4.320304112890726023e-01,-1.739980060731049161e+00,-1.411693295492388867e+00,1.124101315879025620e+00
nan,nan,nan,nan
5.362743554233553311e-01,-1.394745924661905834e+00,-1.009359759259764733e+00,7.046623796918060068e-01
5.645614569664932914e-01,-1.107972817573125823e+00,-1.080409005184671312e+00,6.736316262840599256e-01
nan,nan,nan,nan
2.155467370159008800e-01,-1.510557927387231825e+00,-1.645776952998680320e+00,1.042656241631597647e+00
-3.830538334037458803e-01,-1.501241830329520965e+00,-2.099921681291680997e+00,1.379795513218200043e+00
-7.188014400771852719e-02,-1.500732596246990402e+00,-1.974120735803399862e+00,7.720194164784254243e-01
nan,nan,nan,nan
3.155788481886424579e-01,-1.830229322271452741e+00,-2.075075862519641490e+00,9.265654017536066878e-01
3.560482255135534180e-01,-1.974761766579206324e+00,-1.751865103911185662e+00,9.910503077428389762e-01
6.851473245296781922e-01,-1.289477294841449462e+00,-1.407290858368730690e+00,5.084683946475985206e-01
nan,nan,nan,nan
-8.136628686808378141e-02,-1.750081902552000024e+00,-1.710705504190140003e+00,1.455236457898828606e+00
2.104307079312739970e-01,-1.308446738635047790e+00,-1.763004832519174059e+00,6.242103589709878664e-01
-2.277359797337508152e-01,-9.161063265890934115e-01,-2.104066964847578713e+00,1.087538318419297045e+00
2.145099825141930650e-01,-1.822733702304906611e+00,-1.597202216451004464e+00,9.618209050305366326e-01
2.994538834052046239e-01,-1.380019957681285048e+00,-1.533164178609647266e+00,1.103380365181971134e+00
7.935505328300336281e-01,-1.379485508928497195e+00,-1.093493023173197631e+00,4.867432798524439219e-01
1.028283954934669175e+00,-1.906624661478957261e+00,-1.200019807277865835e+00,6.218482433095238182e-01
1.705715221645273116e-01,-1.388042010928187020e+00,-1.762548744297974368e+00,1.273713850195606900e+00
3.036284833052403376e-01,-1.329703789068127362e+00,-1.634835588999442368e+00,7.340463479751646592e-01
nan,nan,nan,nan
5.215347081446963795e-01,-2.272060549952805708e+00,-7.872371056665172784e-01,1.316555796002976342e+00
-2.071367498265699325e+00,-2.890461141109494925e+00,-5.975185206365024371e+00,-1.545796193771230342e+00
6.666819820959442033e-01,-1.035983103216907564e+00,-1.608693582963373947e+00,6.441365938302863192e-01
2.233617393913524263e-01,-1.689983786784880593e+00,-1.386364164742218685e+00,1.367923891691139149e+00
4.316864447794350190e-01,-1.529840047950449700e+00,-1.612959561576523093e+00,9.622559431657693452e-01
3.621108507256202147e-01,-1.150890076326522404e+00,-1.332781706646453568e+00,1.059560370736604806e+00
2.961657948159829856e-01,-1.514864737757406044e+00,-1.513131120299714416e+00,1.131631856096611211e+00
1.123129397694663800e-01,-1.338496699783297439e+00,-2.036737071406793387e+00,1.112683715736694445e+00
2.142464879912003572e-01,-1.404552758963187875e+00,-1.556683714893640103e+00,1.001693634724281967e+00
2.236566955210222973e-01,-1.482262582313558008e+00,-1.655742075827709714e+00,8.437455395076088882e-01
7.193192067541277490e-01,-1.285510051295593481e+00,-1.401101876401314783e+00,8.029857475816307710e-01
9.681960098517361502e-02,-1.555658019335768305e+00,-1.759297948405866396e+00,9.753502179769805158e-01
2.684531287344057993e-01,-1.483787366953920328e+00,-1.565752598130529138e+00,7.695233916733377200e-01
2.525996004721216548e-01,-1.974575916836386114e+00,-1.465696941796139630e+00,8.927808268673305125e-01
3.513051380005774993e-01,-9.309976449777650487e-01,-1.454141718973709585e+00,8.536840598006625314e-01
3.488943579811332185e-01,-1.543607205638064084e+00,-1.546638008775006901e+00,9.409033966356641354e-01
1.241715390801523267e-01,-1.743385839526954362e+00,-2.077287159891993529e+00,1.334623722049425920e+00
3.249290019815315178e-01,-1.501330298223795934e+00,-1.559505529177139360e+00,1.045756308458333228e+00
6.965384296853331936e-01,-1.425592198760993190e+00,-1.024532300138974561e+00,1.002696553880206398e+00
3.801847450272611284e-01,-1.411331476645702132e+00,-1.579966496152650945e+00,7.548699672222817236e-01
6.161603405818215640e-01,-9.964010184448199858e-01,-1.241440416502915811e+00,7.517938382618019055e-01
5.304517193534247221e-01,-9.425974805820618307e-01,-1.797725459625584055e+00,1.226103076851265961e+00
6.929141743965966382e-02,-1.292014694079655968e+00,-1.869598625205779463e+00,1.171833188606226983e+00
4.953933827174880622e-01,-2.138661006788136199e+00,-1.278269917296663838e+00,1.703011274930201324e+00
-1.872925445891063845e+01,1.538305333549068976e+01,-1.083579912944641777e+01,-6.168028510248861451e+00
2.123334294945602996e-01,-1.621489833135019820e+00,-1.599918426343315936e+00,1.175485903754208916e+00
-2.120379044643748156e-01,-1.657573353941894867e+00,-1.215380124895315994e+00,1.121993442009933339e+00
2.694317240011794845e-01,-1.313929332709867559e+00,-1.453820639573443207e+00,1.096917798066692651e+00
3.311003267938499306e-01,-1.736407046018820788e+00,-1.219533322322566837e+00,8.486277796797352391e-01
2.509790812320394915e-01,-1.470029751264768869e+00,-1.706383608434650201e+00,9.655863406657916315e-01
-3.716092955442880097e-01,-1.714388065298335873e+00,-1.832534712225335927e+00,1.719296675660787255e+00
8.294492746384544146e-01,-1.134845340454206708e+00,-1.203736535093742788e+00,6.198203202651768606e-01
1.003797031068951640e+01,-3.720916727541595748e+00,6.307406848878098771e+00,-2.047132512451193875e+00
-2.231877068679605225e-01,-1.462703238082463164e+00,-2.062905246337987553e+00,1.649925060008283983e+00
1.335067239901163161e-01,-1.460618893367394033e+00,-1.738064017496311564e+00,1.488044453675447798e+00
5.315676710528148829e-01,-1.144031763063537266e+00,-1.360905207012513829e+00,7.935008964524249420e-01
2.830951817299735551e-01,-1.411782320914450883e+00,-1.674991347220960991e+00,1.127007341231072157e+00
1.465146514994646876e-01,-1.710186555291722144e+00,-1.522620126929005613e+00,1.151413465827665128e+00
-6.281830905059084813e-01,-1.827400076801185325e+00,-2.554782178966146233e+00,2.162924142779661274e+00
1.700243144915248306e-01,-1.663355929866348282e+00,-1.680382146504395546e+00,1.084398225727677856e+00
3.390610185339627547e-01,-1.187397113176881458e+00,-1.693998996530335255e+00,8.785665504143721494e-01
1.757721187313143751e-02,-1.265230702102199345e+00,-1.771558704374014859e+00,1.090472644876077313e+00
-3.362246831325068630e-01,-2.050495494070822655e+00,-1.732148897070968641e+00,1.619834093520032381e+00
2.292585135120119022e-01,-8.687528694342230295e-01,-1.863648678030485950e+00,9.552501455965241028e-01
5.641820884972150729e-01,-1.003688561595246886e+00,-1.278432988861204933e+00,2.083604723130179082e-01
2.829832493143761285e-01,-1.539608523707276744e+00,-1.519539937936843055e+00,9.616177583844589538e-01
3.142216808467307443e-01,-1.489360693957852755e+00,-1.791931312240551355e+00,9.383712921754128189e-01
2.791990067041061341e-01,-1.230038075834447575e+00,-1.805417587453980843e+00,7.208755566275046878e-01
2.195334638364181967e-01,-1.440684866489378102e+00,-1.612975987226147545e+00,1.010539894833233365e+00
1.818074106461692041e-01,-8.085620771494588244e-01,-1.929337396841454000e+00,1.113867213444650783e+00
-9.123363329525662202e-01,-3.031627533880405068e+00,-4.017201369068817307e+00,1.339949190591682937e+00
2.641529931952261712e-01,-1.110664284580882510e+00,-1.796656126272311749e+00,1.097937200888267295e+00
4.037367237280110599e-01,-1.289154946339297503e+00,-1.579097297242374909e+00,1.049462744912176504e+00
1.139841197068630074e-01,-1.963274645907852278e+00,-1.697301229696848823e+00,1.404926761679154978e+00
nan,nan,nan,nan
5.765722068707536119e-01,-1.699724366071376114e+00,-1.292045861323291467e+00,1.295902914652943938e+00
5.561075898293854625e-01,-7.447597997911338252e-01,-1.200370026660745548e+00,7.332775525088142121e-01
2.747793285210776149e-01,-1.929624223499026181e+00,-2.054025144016177418e+00,1.742667568571061532e+00
2.549504134588644333e-01,-1.675949984787230562e+00,-1.365766373191841687e+00,7.458471015491661138e-01
3.396804845817427698e-02,-1.702097022173794327e+00,-1.734695137851666624e+00,1.337886786948567108e+00
-4.383517932634806158e-02,-1.414238589765162812e+00,-2.010950407144910024e+00,1.358009367424515723e+00
2.921837141496753665e-01,-1.219060080922681033e+00,-1.582031619249064658e+00,1.111603472852744634e+00
-5.891952486005633816e-01,-1.379708118112946469e+00,-1.950384385205555127e+00,9.590693489076504985e-01
-7.847037765678301913e-01,-1.877025176866879530e+00,-2.177319768280447931e+00,1.575868378940245895e+00
6.085941164551990079e-01,-1.284492616172512092e+00,-1.299670332856472710e+00,7.267859815142709845e-01
4.578372346707026974e-02,-1.542018817892351068e+00,-2.064887722168092132e+00,1.499182889737259217e+00
nan,nan,nan,nan
5.112140537716396427e-01,-1.042976497366157718e+00,-1.588237007502175224e+00,4.573631151061895439e-01
5.528111148050879331e-01,-9.828470908558222252e-01,-1.394344640370601462e+00,6.030235042263906164e-01
6.022325112830401173e-01,-1.617119814700738623e+00,-1.392495207505352051e+00,6.995346653779133117e-01
2.708056492769872481e-01,-1.619668193897131125e+00,-1.632141383062575057e+00,9.324349876416253569e-01
-3.946234930650389661e-01,-1.257634314739314974e+00,-2.041437468035829372e+00,1.114331794670474274e+00
nan,nan,nan,nan
4.546571324294030325e-01,-2.035827494759137934e+00,-1.331992896817283167e+00,6.823344751758844140e-01
3.787850526739813262e-01,-1.469321783753128496e+00,-1.550646951813285712e+00,1.042443558086095790e+00
2.039980050937276190e-01,-1.308420555980253974e+00,-1.775090858016644457e+00,9.696693174670752979e-01
-4.223683496513108704e-01,-1.674867359195990169e+00,-2.133028332802367810e+00,1.296484859796861011e+00
6.148569712534034393e-01,-9.188931564561638732e-01,-1.202062074987035212e+00,9.412912099349401984e-02
-1.590984493624441332e-01,-1.491935006667169050e+00,-1.843485944578433067e+00,1.250244514817338004e+00
8.866244383904737791e-01,-1.342224864610676471e+00,-7.102102014938784791e-01,-7.366176631321530444e-02
2.166786762554511747e-01,-1.283155255262990124e+00,-1.791571052811936182e+00,1.215686438367693523e+00
2.596492938739944911e-01,-1.735758642150735387e+00,-1.726453368664701893e+00,1.250528116663089939e+00
nan,nan,nan,nan
4.576500241546175851e-01,-1.412252823077707831e+00,-1.423961088180254020e+00,1.072613553182914403e+00
1.856747634642980094e-01,-1.056705293741217799e+00,-1.922749446977486398e+00,1.237700144244719080e+00
3.245413792906179928e-01,-1.444330210590667907e+00,-1.746252452404672084e+00,1.138673650032526963e+00
nan,nan,nan,nan
4.928993394859959576e-02,-2.301759074062494470e+00,-2.074521283323809584e+00,1.882181517953199545e+00
4.064426722009286674e-01,-1.124054765794385125e+00,-1.503599310739619055e+00,7.029987483162857265e-01
2.330812605219023670e-01,-8.004396787138712277e-01,-1.421486073137377737e+00,4.698239160392876368e-01
7.558601294115452340e-02,-1.118347742587593840e+00,-1.777528854387309121e+00,1.361981918277344050e+00
4.822291487048829817e-01,-1.344196651998852632e+00,-9.403635135541416057e-01,6.673448732873016320e-01
4.251515818439385863e-01,-1.101014405312462863e+00,-1.769993259685360698e+00,5.145300873727307600e-01
-1.332824389093134609e-02,-9.694554161266922820e-01,-1.643185907049325767e+00,1.154648446307491749e+00
3.396359542551339872e-01,-1.981909001315502961e+00,-1.998324810018710984e+00,1.453723367585263215e+00
nan,nan,nan,nan
4.383445641396748194e-01,-1.050833753456960729e+00,-1.893426794171954253e+00,6.802293319588665899e-01
-4.158225689550501536e-01,-1.208189819088223871e+00,-2.535498861294972706e+00,1.202732073623188569e+00
6.722076503498558564e-02,-1.735692526292139437e+00,-2.271133072544468501e+00,1.396174486860396691e+00
1.083450140057350408e-01,-1.640001016495262975e+00,-1.851357549747351339e+00,1.327169776685443336e+00
3.782262056790851035e-01,-9.897690718829145196e-01,-1.311679568551764374e+00,1.048858444354862307e+00
1.205685529409725454e-01,-9.762274759710403149e-01,-2.037653892980691772e+00,1.444585445379351407e+00
-2.275604769700478869e-02,-1.492618682657111950e+00,-1.853739997468082157e+00,9.080361592089132294e-01
6.746604171282338802e-03,-1.466781029030011174e+00,-1.672685832586957577e+00,5.796935224386394747e-01
1.610910877366988347e-01,-1.164426097489834833e+00,-1.080928119713162161e+00,9.424869856879470875e-01
1.540425442119383037e-01,-1.944221557102848719e+00,-2.024410906762443396e+00,1.209199490618162454e+00
2.023467226960077858e-01,-1.379027379888285276e+00,-1.673375180617718394e+00,8.378738929838254190e-01
2.458836699914352386e-01,-1.376581859508640093e+00,-2.082494106488409269e+00,1.315362915720505121e+00
3.798643942173582366e-01,-1.318323454160322594e+00,-1.566847553084762978e+00,9.683021874145899544e-01
2.554103500840787522e-01,-1.218551305409409036e+00,-2.167388968682879558e+00,1.639825125909283088e+00
2.770007124926254782e-01,-1.410634942427378524e+00,-1.618723619399921487e+00,7.364272567672663916e-01
-8.895796062813235427e-02,-1.493375353318059595e+00,-1.994373446604259525e+00,1.400628876712465942e+00
-5.469376859501495769e-02,-1.584968778981711068e+00,-2.164261646746568069e+00,1.431775682458557242e+00
4.220189643986577144e-01,-1.384194995279161677e+00,-1.367378742111425627e+00,9.167837366741583560e-01
5.743098371178727568e-01,-1.234862956981005011e+00,-1.564701400610941207e+00,6.146718807009921015e-01
nan,nan,nan,nan
2.049756652390918865e-01,-1.301355705686814579e+00,-1.563254408264957762e+00,1.234267975913342807e+00
4.951655641722398915e-01,-1.346479907081301830e+00,-1.761937598513580561e+00,8.457042759250363861e-01
3.617059970041579531e-01,-8.075948834682630251e-01,-1.802894099496539226e+00,9.775844300718191660e-01
-6.839524724886109075e-02,-1.552410178557281473e+00,-1.821355150401774203e+00,1.297905111810695011e+00
2.169304106927246734e-01,-1.384482221828978954e+00,-1.790130741317244256e+00,1.435153743141493798e+00
-2.628548106358742364e-01,-1.610679160900701845e+00,-1.430060103646893621e+00,6.441864467627216317e-01
1.508109512599565827e-01,-1.758592745985453343e+00,-1.794994196058056657e+00,9.519977953032507934e-01
7.407840371045464334e-01,-1.300710322776682748e+00,-9.751321090731512875e-01,3.405622269708619143e-01
2.463787465144056665e-01,-1.947935651895900788e+00,-1.881451560452514826e+00,1.678523934152023944e+00
2.123543958515239083e-01,-2.412584113575793943e+00,-9.299339137162649926e-01,1.494188152905365552e+00
2.798753195757545109e-01,-1.454367297469184805e+00,-1.594840663025796301e+00,9.235112752714365048e-01
1.137240073441420640e-01,-1.663143060176506705e+00,-1.579760154280012596e+00,1.008384735160877232e+00
2.558665339792611793e-01,-1.502114601581655773e+00,-1.620216186795400581e+00,1.066953412442480431e+00
5.672001772746048109e-01,-1.202469706781233771e+00,-1.500591718809791031e+00,9.313088536581606292e-01
6.529502094097838771e-01,-1.409915593197191175e+00,-1.529177907827740768e+00,6.902922638950897971e-01
-3.192336082850061318e-02,-1.249420489552395930e+00,-1.948863594013813705e+00,9.483687548291961367e-01
2.817085053922968596e-02,-1.701298741483499910e+00,-1.763861818393418712e+00,1.093733070039736965e+00
4.252007612562813121e-01,-1.078500122832998454e+00,-1.548012978553573227e+00,8.931445815398042498e-01
2.536143228922705384e-01,-1.169217857930425319e+00,-1.504854641481530919e+00,9.626724415491916265e-01
-2.101903466017539523e-01,-1.250701258651009784e+00,-1.683147227771755627e+00,1.309247494331848394e+00
4.312847086647245698e-01,-1.891106205286180897e+00,-1.502845511661487388e+00,1.327882562141271316e+00
1.865425429778717059e-01,-1.421730894791748412e+00,-1.710790682615938030e+00,1.027553951295912871e+00
4.072952808940076830e-01,-1.472180777900552462e+00,-1.413321231453077642e+00,9.597331758945032432e-01
2.979707347695412789e-01,-1.213289570928689054e+00,-1.581125104334156539e+00,9.493714887723547768e-01
nan,nan,nan,nan
9.185711381973955536e-01,-1.552776915001254698e+00,-1.318036311736623833e+00,8.269774788474637539e-01
-3.060302471057885221e-02,-1.501381131204754027e+00,-2.137825068288589314e+00,1.386044433524984187e+00
nan,nan,nan,nan
-4.254267212456846470e-01,-1.907807633334420938e+00,-2.113477289767603295e+00,9.732245300676242161e-01
-2.666985155911683059e-02,-1.453426475300808374e+00,-1.988284126338769164e+00,1.410180462994505168e+00
4.447493737617769227e-01,-1.231742488715157569e+00,-1.583214045082447452e+00,9.106735513891873746e-01
-2.446904754530961901e-01,-1.366800985252200729e+00,-2.324931498943822561e+00,1.070396747342893917e+00
1.126445459842026486e-01,-8.784358972801113996e-01,-1.143818523011009836e+00,2.358435192561728622e-01
nan,nan,nan,nan
4.530447737467853675e-01,-1.185736985780988961e+00,-1.404210367036877738e+00,8.618446537617867609e-01
-2.721166454935141088e-01,-1.160969637534049248e+00,-1.981689100618727384e+00,1.234615357257271118e+00
2.507537402556829775e-01,-1.137848578527036469e+00,-1.840717235652912231e+00,1.020027347315148214e+00
3.526301096502691412e-01,-1.534638250251753266e+00,-1.496022997899501661e+00,7.730105897208392474e-01
2.218304644271845150e-01,-1.864655906869096880e+00,-1.612607921576638459e+00,1.324144122341230911e+00
-3.521707165723829136e-01,-2.138691072420433770e+00,-2.223345795288301563e+00,1.670668003151601688e+00
-1.147863075378083852e-01,-1.246076043989972071e+00,-1.993129765476819415e+00,1.195216722061756887e+00
5.455305047389209516e-01,-1.321895464770534545e+00,-1.396090785619509500e+00,1.094510900547125853e+00
4.150527598636865045e-01,-1.151120198885020596e+00,-1.364857850708259157e+00,8.437179218836130534e-01
-5.650905193600394005e-01,-9.386980375613287464e-01,-1.743314697579403383e+00,9.736198865623948429e-01
1.673117768165467423e-01,-1.644233295352869550e+00,-1.668126249739703804e+00,1.044544979279016239e+00
7.903877119181279554e-02,-1.471608173923979690e+00,-1.769759054921681507e+00,1.280227612116701996e+00
2.153295870957817881e-01,-1.539524064771037537e+00,-1.630162526757256591e+00,1.094941472173016850e+00
2.369193901079578723e-01,-1.373001567965040692e+00,-1.633622179521007078e+00,1.164538810281031456e+00
4.199634493277125680e-01,-1.501988223541644851e+00,-1.524141525685588583e+00,7.339457590774669526e-01
5.109983181365578275e-01,-1.205164693449826130e+00,-1.512188613374790602e+00,1.054618579726299465e+00
5.074290013051769854e-01,-1.644881500394719254e+00,-1.287115345378395892e+00,7.491811411498312534e-01
7.213866599568734550e-01,-1.588972357409908387e+00,-1.137210131310536720e+00,5.712538609378068344e-01
nan,nan,nan,nan
4.228238315809542680e-01,-1.373800150165199518e+00,-1.405445512029007027e+00,7.412161473689860003e-01
6.869353251605421207e-01,-1.442146997624764948e+00,-1.376055718045492204e+00,4.785894243030979212e-01
1.784701038989718047e-01,-1.692357691986951407e+00,-2.049031529340587632e+00,1.203117534067703609e+00
1.050584937818621833e+00,-1.053442376052380114e+00,-5.471182880973830542e-01,-1.070029007341255500e-02
7.038393079913151107e-01,-1.343472604098154388e+00,-1.427727652600950137e+00,8.696759047825630695e-01
1.883569896554410095e-01,-2.411109316596850238e+00,-1.556016716406971145e+00,1.141853495792517492e+00
3.327873045715963873e-01,-1.446552571602062631e+00,-1.485117867088209476e+00,8.040506816886986430e-01
nan,nan,nan,nan
5.845126248591080431e-01,-1.453725632853899663e+00,-9.885382898891469372e-01,4.891867589313655396e-01
2.211237169059889485e-01,-6.561339033219735217e-01,-1.925944942814771910e+00,7.780179543918402940e-01
2.400608458982145810e-01,-8.796070490142926523e-01,-1.484218104014017880e+00,1.029217763134227193e+00
2.894033621860431227e-02,-1.609449093135230546e+00,-1.799818187019277538e+00,1.127354977921425139e+00
4.835519544079017740e-01,-1.506867908793586786e+00,-1.335564659961603562e+00,9.512566908649581210e-01
3.576015332804701741e-01,-1.378436217006484554e+00,-1.547873350436416162e+00,7.872967963374848388e-01
7.515871619324203667e-01,-1.108403774309481671e+00,-1.118792691996314259e+00,7.523292142905040336e-01
-3.349439838345988352e-02,-1.651649374694146299e+00,-2.128524263316457610e+00,1.383728256426366654e+00
7.789334148981496009e-01,-9.764047007122442778e-01,-1.241384250639412157e+00,8.091082115959908894e-01
-2.549026635358491166e-01,-9.831408801888497084e-01,-2.051285020701798079e+00,1.199618328188188920e+00
2.180119726723786511e-01,-1.510414741185392540e+00,-1.775780015477532059e+00,1.320809475120384935e+00
5.202397793898134726e-01,-1.095069520964744303e+00,-1.589126293330812789e+00,1.164033277906456609e+00
1.401664934510723493e-01,-1.450299433241246660e+00,-1.598783669159470566e+00,5.664358908493499767e-01
8.464847087414828497e-02,-1.195935789059751508e+00,-1.733453055189579928e+00,1.079843176614190714e+00
5.349323382308837083e-01,-1.288797829106001380e+00,-1.332465887969853657e+00,8.055491735669526587e-01
1.816667288030311134e-01,-1.300820864063892524e+00,-1.685851427686349213e+00,1.067663629939695769e+00
7.145832620876182428e-01,-1.314335890294040965e+00,-9.888853773745588382e-01,5.852428654785122308e-01
6.389379253375002676e-01,-1.287279293356762278e+00,-1.190115341566164719e+00,8.222337050042680673e-01
1.249048422550737281e-01,-1.909121934224158545e+00,-1.830406381705871777e+00,1.140331294917323657e+00
3.324838237579039735e-01,-1.197474038677444730e+00,-1.779360054668282398e+00,6.497015097382795590e-01
4.079773836296936018e-01,-1.371130006141083602e+00,-1.449668875813748592e+00,6.606183829670110308e-01
-1.356808633478843173e-01,-1.045965982598144883e+00,-1.829957048956963428e+00,9.689972687044146049e-01
2.981764138804548492e-01,-1.247596191003903066e+00,-2.284260892001689136e+00,1.244078221707268783e+00
2.584851097884483528e-01,-1.464808170793376441e+00,-1.477366402605333029e+00,6.089927301087618705e-01
3.370813943955998093e-01,-1.535915375969110652e+00,-1.685916714003333983e+00,8.117573389831254094e-01
2.825019329732170181e-01,-1.804628577654477262e+00,-1.407387954274467834e+00,1.009451167089579826e+00
2.054471166235793400e-01,-1.847230049363573823e+00,-1.823535870897299294e+00,1.074545613405553546e+00
4.370540081696979162e-01,-1.070764552010028403e+00,-1.461127739359627586e+00,9.242005435183182627e-01
2.581108048831226021e-01,-9.843723043030713216e-01,-1.562561753386990437e+00,8.691732912564076319e-01
1.037144552570765099e-02,-1.155175988211512461e+00,-1.687032116992951636e+00,7.587211623247968051e-01
4.554224848210274845e-01,-1.243969699343309365e+00,-1.689303267192526103e+00,1.050407328930937911e+00
1.628879335824920060e+00,3.691291544923825718e+00,-2.366552956730118229e+00,-6.365148523728622720e+00
-1.095840800995471764e-01,-1.358795478277266877e+00,-1.678081999046804773e+00,1.403428421049979891e+00
2.558235410323316805e-01,-1.122894900521704376e+00,-1.759717034352709986e+00,8.121885928307760460e-01
5.079522687745399168e-01,-1.259363944814779313e+00,-1.656810241610525480e+00,9.573142913863872394e-01
1.188578951118756111e-01,-1.921794308588746114e+00,-1.886342795246408244e+00,1.332763899460775114e+00
3.408560793272414347e-01,-1.728010297895908209e+00,-1.448321193947750274e+00,7.537539447210142018e-01
3.577525257167916695e-01,-1.399056448062811819e+00,-1.645702358457524550e+00,1.297608396389462682e+00
-2.256286439560301060e-01,-1.269377053758500962e+00,-2.121083920410513635e+00,9.029912802853629072e-01
1.712210019420249418e-01,-1.264474331797460493e+00,-2.009621693715711643e+00,7.853207073659236315e-01
nan,nan,nan,nan
6.052411810325872832e-01,-9.954486044147103918e-01,-1.818717246954681288e+00,8.642827771432459727e-02
4.102433470621754674e-01,-1.236684553472469972e+00,-1.596973091948988399e+00,7.699640581488085278e-01
3.613474865864037544e-01,-1.336397687939432810e+00,-1.244008301525650673e+00,9.325192585917948529e-01
-7.581441971777443944e-01,-9.564367745310569102e-01,-2.134881616738336874e+00,1.271608697200982796e+00
-7.341713507131601091e+00,2.800072590572673548e+00,-7.784715549426989512e+00,1.983143564284326921e+00
3.455177492680834295e-01,-1.759075924246108702e+00,-9.351134123100600659e-01,7.540632955325230480e-01
2.684514916120853134e-02,-1.035750184238430460e+00,-1.792279915760560227e+00,1.058778362643965298e+00
2.095378361803088563e-01,-1.839693976264598518e+00,-1.478867386694633357e+00,9.257629473674058307e-01
8.164475279947608355e-02,-1.017889418517579081e+00,-2.494115075725071851e+00,1.165855240146237204e+00
nan,nan,nan,nan
1.651260753949507776e-01,-1.498562650059451107e+00,-1.834724651548003127e+00,1.236955524769647097e+00
1.573963017736169367e-01,-1.312447309055335687e+00,-1.478410578839071121e+00,1.065668824390443747e+00
2.144548940502974121e-01,-1.651130354738627792e+00,-1.667282984075526997e+00,1.108034053084137938e+00
7.878063150647653945e-01,-1.034669629460969853e+00,-4.850594821514269128e-01,4.561571145259457616e-02
4.164978166324089237e-01,-1.172292257406083005e+00,-1.454745866820875699e+00,9.640440101895814129e-01
3.217836030720132023e-01,-1.110331542648646419e+00,-1.657026032610783961e+00,6.385424604386384928e-01
-3.378076776121661795e-01,-1.328300692618980205e+00,-2.406435104174023287e+00,1.609987117305595072e+00
5.442037455111328192e-01,-1.557601848393965760e+00,-1.193208900973088626e+00,8.648451476006266958e-01
6.356517003829356138e-01,-1.111618425643293495e+00,-7.300843286598210913e-01,1.566446921850070950e-01
6.496360674656577183e-01,-1.210962191891740813e+00,-1.656349439591429551e+00,1.293180650301618106e+00
3.301444297887185519e-01,-1.340693299512053960e+00,-1.507550988217551957e+00,9.610788984824009118e-01
1.129589424243131024e+00,-1.082959027526696927e+00,-1.107799555702653205e+00,4.227071262443798938e-01
7.442423891724010421e-01,-1.574838671622413866e+00,-7.995175469951958380e-01,7.677164065392165782e-01
-2.938137649073325752e-01,-1.624532325215412465e+00,-2.373587327241632128e+00,1.348629265756299933e+00
5.166572037946207674e-01,-2.131812477892367497e+00,-1.361188599717164660e+00,1.206198717960145883e+00
8.122505209126988923e-01,-2.077787335772345756e+00,-1.448166432553563254e+00,1.004203692220605237e+00
-5.094742462670402983e-01,-1.391326284735854957e+00,-2.931669307386258971e+00,1.679165148359605064e+00
1.032639749461115031e-01,-1.767557927615003743e+00,-1.694556506825340314e+00,1.184194892907652008e+00
3.306691857318029837e-01,-1.741857637039608608e+00,-1.534331084366835407e+00,1.455717591715092851e+00
2.806319791121218987e-01,-1.749963620575257561e+00,-1.382921427635879219e+00,1.000520049675436951e+00
1.175567516663059919e+00,-1.346001931468562063e+00,-4.768726177459556848e-01,3.765858679864237946e-01
nan,nan,nan,nan
nan,nan,nan,nan
1.345072111195546316e-01,-9.277854559816249846e-01,-3.171140180683324594e+00,7.980103343113162939e-01
5.702268127693294053e-01,-1.477440740449673218e+00,-1.276907440029585006e+00,1.074420937571756385e+00
3.796154469350990768e-01,-1.013829832164551359e+00,-1.686763282597494307e+00,9.626762333487632883e-01
6.501602290076344826e-01,-8.777779404252432638e-01,-1.078001735017708018e+00,5.653517348235905793e-01
6.923334347197596106e-02,-1.502402346181143100e+00,-1.874481549419582116e+00,1.391689680315286282e+00
-1.917191196414197440e-01,-1.710207287983566138e+00,-2.083255648062597665e+00,1.572080488025531908e+00
7.776070679085425597e-02,-2.003731037222863609e+00,-2.604770201820311826e+00,1.565354886529565448e+00
1.201942556333514545e-01,-1.567094581076016180e+00,-2.169748564003316282e+00,8.788105434611614974e-01
1.268536143350094125e+00,-8.992252607123254471e-01,-1.415618543047207245e+00,1.227238669451915509e-01
2.459095786346116030e-01,-1.339115762359223805e+00,-1.483702027083735553e+00,7.695300497118007232e-01
6.621126915636925681e-01,-1.070625941002154802e+00,-1.902019751706793604e+00,9.653818545944976570e-01
4.794952606854220867e-01,-1.904704102045121417e+00,-2.199324188693673854e+00,1.421131915580527538e+00
6.514289011315693712e-01,-1.115292168335930256e+00,-1.553795701550377828e+00,5.480928005893028754e-01
-2.452911043399242375e-01,-1.141078455310084783e+00,-1.829495739221822515e+00,7.746632688934633748e-01
7.240321278899776447e-02,-1.456618957595321229e+00,-1.855003293389671182e+00,1.125332668683937332e+00
1.455274016022438111e-01,-1.254240762405785858e+00,-1.697794043709658141e+00,1.310026808824121147e+00
5.205965367905797114e-01,-1.185715126813628562e+00,-1.447955978638728824e+00,7.311067519446534657e-01
5.993839568572500998e-02,-1.141229295290176360e+00,-1.664279479762305503e+00,1.166630820009308067e+00
-3.363079835537637341e-01,-1.281892744965677622e+00,-2.130537100503860692e+00,1.163691599389320874e+00
3.914388143256648522e-01,-1.078077849223903151e+00,-1.492264602428302389e+00,8.375660573644369000e-01
6.369870000546300481e-01,-1.776415901974814471e+00,-7.847732809015046662e-01,6.288870467693028488e-01
3.048469255312015735e-01,-1.678908168412374557e+00,-1.487480994514723154e+00,1.055468030218329023e+00
nan,nan,nan,nan
2.192627886297638939e-01,-1.080491646346356971e+00,-1.548102716045028693e+00,9.062634038959724858e-01
5.806621584474436215e-01,-1.070226398855746996e+00,-1.344969550559024896e+00,7.567258836985552017e-01
-5.487637177097609564e-02,-1.497623779560365076e+00,-1.385759211333090768e+00,7.122353839652142415e-01
2.926216440026612187e-01,-1.670775106706989366e+00,-1.542104956992341735e+00,6.870757288244287997e-01
5.145339042323955336e-01,-1.231881477484833232e+00,-1.528877913481230033e+00,7.617552160159206665e-01
2.731823646834261599e-01,-1.536798949269474690e+00,-1.612120337922795965e+00,1.033856258775554648e+00
-5.531113819130294151e-02,-1.636697420516219026e+00,-1.604640458242396095e+00,1.061725156441056583e+00
8.413741760573340001e-02,-1.450876881326679246e+00,-1.695967597416333073e+00,1.219634601739631785e+00
6.045264150847515783e-01,-1.163298542572518190e+00,-1.370077009300544768e+00,3.876404397466509666e-01
3.866124317356622875e-02,-1.310215016040554570e+00,-2.188880423716444756e+00,8.285093628079814865e-01
3.138364678359013005e-01,-1.427581728246988924e+00,-1.776620960520257642e+00,7.359026928678102930e-01
6.173970879036313475e-01,-1.434660800849657969e+00,-1.256048538667972725e+00,7.467016438065153805e-01
1.025490591727510337e-01,-1.015283515158112326e+00,-1.558046249994009980e+00,1.100967466197951605e+00
5.070616741863558374e-01,-1.208063167300575058e+00,-1.345083189843363058e+00,6.161446470569049705e-01
5.959849068964078178e-01,-1.227681151714993923e+00,-1.582941411815472099e+00,8.612328634175810960e-01
3.331258443995519514e-01,-1.327289628643230746e+00,-1.514950926908788631e+00,7.583464166375575299e-01
3.232608283505581936e-01,-9.391718672512416877e-01,-1.100095494130039375e+00,5.844604414169938256e-01
6.342964205346148798e-01,-1.203528553662439382e+00,-1.147558407900435951e+00,7.182033513315455586e-01
3.922625209659600931e-01,-1.396304807431806960e+00,-1.451296388075986377e+00,1.011202606525931635e+00
1.048690259579665440e+00,-1.456573733195134057e+00,-9.806266485417902690e-01,5.837068419585197399e-01
5.107701531741093426e-01,-1.328986925917403195e+00,-1.514677004609457533e+00,7.426804366659157663e-01
8.806219781988543494e-01,-1.701240336417041199e+00,-1.273612229477500968e+00,7.178681520440759467e-01
